/*
SQLyog Ultimate v11.5 (64 bit)
MySQL - 5.5.50 : Database - taxi_dev
*********************************************************************
*/

/*!40101 SET NAMES utf8 */;

/*!40101 SET SQL_MODE=''*/;

/*!40014 SET @OLD_UNIQUE_CHECKS=@@UNIQUE_CHECKS, UNIQUE_CHECKS=0 */;
/*!40014 SET @OLD_FOREIGN_KEY_CHECKS=@@FOREIGN_KEY_CHECKS, FOREIGN_KEY_CHECKS=0 */;
/*!40101 SET @OLD_SQL_MODE=@@SQL_MODE, SQL_MODE='NO_AUTO_VALUE_ON_ZERO' */;
/*!40111 SET @OLD_SQL_NOTES=@@SQL_NOTES, SQL_NOTES=0 */;
CREATE DATABASE /*!32312 IF NOT EXISTS*/`taxi_dev` /*!40100 DEFAULT CHARACTER SET utf8 */;

USE `taxi_dev`;

/*Table structure for table `databasechangelog` */

DROP TABLE IF EXISTS `databasechangelog`;

CREATE TABLE `databasechangelog` (
  `ID` varchar(255) NOT NULL,
  `AUTHOR` varchar(255) NOT NULL,
  `FILENAME` varchar(255) NOT NULL,
  `DATEEXECUTED` datetime NOT NULL,
  `ORDEREXECUTED` int(11) NOT NULL,
  `EXECTYPE` varchar(10) NOT NULL,
  `MD5SUM` varchar(35) DEFAULT NULL,
  `DESCRIPTION` varchar(255) DEFAULT NULL,
  `COMMENTS` varchar(255) DEFAULT NULL,
  `TAG` varchar(255) DEFAULT NULL,
  `LIQUIBASE` varchar(20) DEFAULT NULL,
  `CONTEXTS` varchar(255) DEFAULT NULL,
  `LABELS` varchar(255) DEFAULT NULL
) ENGINE=InnoDB DEFAULT CHARSET=utf8;

/*Data for the table `databasechangelog` */

insert  into `databasechangelog`(`ID`,`AUTHOR`,`FILENAME`,`DATEEXECUTED`,`ORDEREXECUTED`,`EXECTYPE`,`MD5SUM`,`DESCRIPTION`,`COMMENTS`,`TAG`,`LIQUIBASE`,`CONTEXTS`,`LABELS`) values ('00000000000001','jhipster','classpath:config/liquibase/changelog/00000000000000_initial_schema.xml','2016-11-15 11:42:49',1,'EXECUTED','7:ecad7c1efd6fe633b336965d78da0c01','createTable, createIndex (x2), createTable (x2), addPrimaryKey, addForeignKeyConstraint (x2), loadData, dropDefaultValue, loadData (x2), createTable (x2), addPrimaryKey, createIndex (x2), addForeignKeyConstraint','',NULL,'3.4.2',NULL,NULL),('20161102052909-1','jhipster','classpath:config/liquibase/changelog/20161102052909_added_entity_City.xml','2016-11-15 11:42:49',2,'EXECUTED','7:658c6ecb895b8aa2a3bd1ee8fdc3bf93','createTable, dropDefaultValue (x2)','',NULL,'3.4.2',NULL,NULL),('20161102093511-1','jhipster','classpath:config/liquibase/changelog/20161102093511_added_entity_Organisation.xml','2016-11-15 11:42:49',3,'EXECUTED','7:23d8052482d23181dd0d4e4b5909086e','createTable, dropDefaultValue (x2)','',NULL,'3.4.2',NULL,NULL),('20161102095827-1','jhipster','classpath:config/liquibase/changelog/20161102095827_added_entity_TaxiDriver.xml','2016-11-15 11:42:49',4,'EXECUTED','7:34f9e8711078c313f00444b52190fb0d','createTable, dropDefaultValue (x2)','',NULL,'3.4.2',NULL,NULL),('20161102101148-1','jhipster','classpath:config/liquibase/changelog/20161102101148_added_entity_Photo.xml','2016-11-15 11:42:49',5,'EXECUTED','7:9deec6becc3c62fd5fee1c643560869b','createTable, dropDefaultValue (x2)','',NULL,'3.4.2',NULL,NULL),('20161102170444-1','jhipster','classpath:config/liquibase/changelog/20161102170444_added_entity_Attachment.xml','2016-11-15 11:42:49',6,'EXECUTED','7:c5d28a1bc94f7de3bdae3abfb137f379','createTable, dropDefaultValue (x2)','',NULL,'3.4.2',NULL,NULL),('20161102171321-1','jhipster','classpath:config/liquibase/changelog/20161102171321_added_entity_Capture.xml','2016-11-15 11:42:50',7,'EXECUTED','7:206c4c486801278373db0566b6ad6d8f','createTable, dropDefaultValue (x2)','',NULL,'3.4.2',NULL,NULL),('20161102172425-1','jhipster','classpath:config/liquibase/changelog/20161102172425_added_entity_Passager.xml','2016-11-15 11:42:50',8,'EXECUTED','7:aa94e933b4d01ad26ab24987c830c1f4','createTable, dropDefaultValue (x2)','',NULL,'3.4.2',NULL,NULL),('20161102172851-1','jhipster','classpath:config/liquibase/changelog/20161102172851_added_entity_PassagerCoordonnee.xml','2016-11-15 11:42:50',9,'EXECUTED','7:85c56cc13cd2c3e44255120904b16bff','createTable, dropDefaultValue (x2)','',NULL,'3.4.2',NULL,NULL),('20161102173431-1','jhipster','classpath:config/liquibase/changelog/20161102173431_added_entity_Conduire.xml','2016-11-15 11:42:50',10,'EXECUTED','7:4118bf75f0a2f2200999aa771f14126f','createTable, dropDefaultValue (x2)','',NULL,'3.4.2',NULL,NULL),('20161102174012-1','jhipster','classpath:config/liquibase/changelog/20161102174012_added_entity_Vehicule.xml','2016-11-15 11:42:50',11,'EXECUTED','7:49fde5c05eba7fde236d1415a45a88d4','createTable, dropDefaultValue (x2)','',NULL,'3.4.2',NULL,NULL),('20161102095827-2','jhipster','classpath:config/liquibase/changelog/20161102095827_added_entity_constraints_TaxiDriver.xml','2016-11-15 11:42:50',12,'EXECUTED','7:14708a662d1adcdeda50790ed8b08185','addForeignKeyConstraint (x2)','',NULL,'3.4.2',NULL,NULL),('20161102101148-2','jhipster','classpath:config/liquibase/changelog/20161102101148_added_entity_constraints_Photo.xml','2016-11-15 11:42:50',13,'EXECUTED','7:c9146a7d172390fd80cda8f2cb612b20','addForeignKeyConstraint','',NULL,'3.4.2',NULL,NULL),('20161102170444-2','jhipster','classpath:config/liquibase/changelog/20161102170444_added_entity_constraints_Attachment.xml','2016-11-15 11:42:50',14,'EXECUTED','7:8f3da483ae6792c20f5f9182b56722d1','addForeignKeyConstraint','',NULL,'3.4.2',NULL,NULL),('20161102171321-2','jhipster','classpath:config/liquibase/changelog/20161102171321_added_entity_constraints_Capture.xml','2016-11-15 11:42:50',15,'EXECUTED','7:f6867b88c273218c8eb2d7f3159a7ad2','addForeignKeyConstraint','',NULL,'3.4.2',NULL,NULL),('20161102172425-2','jhipster','classpath:config/liquibase/changelog/20161102172425_added_entity_constraints_Passager.xml','2016-11-15 11:42:50',16,'EXECUTED','7:334e00a82da52563a8bfe9485cbaf68a','addForeignKeyConstraint','',NULL,'3.4.2',NULL,NULL),('20161102172851-2','jhipster','classpath:config/liquibase/changelog/20161102172851_added_entity_constraints_PassagerCoordonnee.xml','2016-11-15 11:42:50',17,'EXECUTED','7:f7bed533cc78508708a6a8fd513b9677','addForeignKeyConstraint','',NULL,'3.4.2',NULL,NULL),('20161102173431-2','jhipster','classpath:config/liquibase/changelog/20161102173431_added_entity_constraints_Conduire.xml','2016-11-15 11:42:50',18,'EXECUTED','7:448181f453088dbb908297dfec5ddf95','addForeignKeyConstraint (x2)','',NULL,'3.4.2',NULL,NULL),('20161110041200001','Simon Pascal','classpath:config/liquibase/changelog/201611100412_added_existing_data.xml','2016-11-15 11:42:50',19,'EXECUTED','7:ac9db6592932901f6fd62df206d81f10','sqlFile','',NULL,'3.4.2',NULL,NULL),('201701012242-1','Simon Pascal','classpath:config/liquibase/changelog/201701012242_added_utilisateur_organisation.xml','2017-01-14 10:00:43',20,'EXECUTED','7:5668dc46db611599b716ed37f1d5dee4','addColumn, createIndex, addColumn, addForeignKeyConstraint, loadData, insert, update','',NULL,'3.4.2',NULL,NULL),('201701062345-1','Simon Pascal','classpath:config/liquibase/changelog/201701062333_added_taxi_driver.xml','2017-01-14 10:00:44',21,'EXECUTED','7:76545af256f7236bfaa931690398cb7f','addColumn','',NULL,'3.4.2',NULL,NULL),('20170110192529-1','jnguetsop','classpath:config/liquibase/changelog/20170110192529_added_entity_Comment.xml','2017-01-24 20:36:01',22,'EXECUTED','7:eadfbb46f9b1989365f07a886c43c039','createTable','',NULL,'3.4.2',NULL,NULL),('20170114112529-1','jnguetsop','classpath:config/liquibase/changelog/20170114112529_added_entity_Score.xml','2017-01-24 20:36:01',23,'EXECUTED','7:cbebfa6664b002d15e74f91ab5fc12d7','createTable','',NULL,'3.4.2',NULL,NULL),('20170110192529-2','jnguetsop','classpath:config/liquibase/changelog/20170110192529_added_entity_constraints_Comment.xml','2017-01-24 20:36:01',24,'EXECUTED','7:ac916215055ef45b1d66d9e058cb064e','addForeignKeyConstraint','',NULL,'3.4.2',NULL,NULL),('20170114112529-1','jnguetsop','classpath:config/liquibase/changelog/20170114112529_added_entity_constraints_Score.xml','2017-01-24 20:36:01',25,'EXECUTED','7:31a59817ef26e057461210adee071851','addForeignKeyConstraint, addUniqueConstraint','',NULL,'3.4.2',NULL,NULL),('20170116-1','Simon Pascal','classpath:config/liquibase/changelog/Taxi-BackendSprint4_201701161855_added_utilisateur.xml','2017-01-24 20:58:19',26,'EXECUTED','7:5c5be46e880585bb50856898cb3d98a8','addColumn, dropDefaultValue, createIndex (x2), sql','',NULL,'3.4.2',NULL,NULL),('20170118204500-1','nsimonin@gmail.com','classpath:config/liquibase/changelog/201710118204500_added_entity_Photo_profile.xml','2017-01-24 20:58:19',27,'EXECUTED','7:8761dd1e3411baa2d585903b426998ff','createTable, dropDefaultValue (x2), addForeignKeyConstraint','',NULL,'3.4.2',NULL,NULL);

/*Table structure for table `databasechangeloglock` */

DROP TABLE IF EXISTS `databasechangeloglock`;

CREATE TABLE `databasechangeloglock` (
  `ID` int(11) NOT NULL,
  `LOCKED` bit(1) NOT NULL,
  `LOCKGRANTED` datetime DEFAULT NULL,
  `LOCKEDBY` varchar(255) DEFAULT NULL,
  PRIMARY KEY (`ID`)
) ENGINE=InnoDB DEFAULT CHARSET=utf8;

/*Data for the table `databasechangeloglock` */

insert  into `databasechangeloglock`(`ID`,`LOCKED`,`LOCKGRANTED`,`LOCKEDBY`) values (1,'\0',NULL,NULL);

/*Table structure for table `jhi_authority` */

DROP TABLE IF EXISTS `jhi_authority`;

CREATE TABLE `jhi_authority` (
  `name` varchar(50) NOT NULL,
  PRIMARY KEY (`name`)
) ENGINE=InnoDB DEFAULT CHARSET=utf8;

/*Data for the table `jhi_authority` */

insert  into `jhi_authority`(`name`) values ('ROLE_ADMIN'),('ROLE_AGENT_PUBLIC'),('ROLE_AGENT_PUBLIC_ADMIN'),('ROLE_ATTENTE_ACTIVATION'),('ROLE_MEMBRE'),('ROLE_PRE_AUTHENTICATED'),('ROLE_SOCLE'),('ROLE_SOCLE_ADMIN'),('ROLE_SYNDICAT'),('ROLE_SYNDICAT_ADMIN'),('ROLE_USER');

/*Table structure for table `jhi_persistent_audit_event` */

DROP TABLE IF EXISTS `jhi_persistent_audit_event`;

CREATE TABLE `jhi_persistent_audit_event` (
  `event_id` bigint(20) NOT NULL AUTO_INCREMENT,
  `principal` varchar(50) NOT NULL,
  `event_date` timestamp NULL DEFAULT NULL,
  `event_type` varchar(255) DEFAULT NULL,
  PRIMARY KEY (`event_id`),
  KEY `idx_persistent_audit_event` (`principal`,`event_date`)
) ENGINE=InnoDB AUTO_INCREMENT=14 DEFAULT CHARSET=utf8;

/*Data for the table `jhi_persistent_audit_event` */

insert  into `jhi_persistent_audit_event`(`event_id`,`principal`,`event_date`,`event_type`) values (1,'admin','2016-11-15 11:44:04','AUTHENTICATION_SUCCESS'),(2,'admin','2016-11-15 15:14:55','AUTHENTICATION_SUCCESS'),(3,'admin','2016-11-15 15:16:01','AUTHENTICATION_SUCCESS'),(4,'admin','2016-11-15 20:58:50','AUTHENTICATION_SUCCESS'),(5,'admin','2017-01-14 10:03:14','AUTHENTICATION_SUCCESS'),(6,'admin','2017-01-24 20:38:15','AUTHENTICATION_SUCCESS'),(7,'admin','2017-01-24 20:59:47','AUTHENTICATION_SUCCESS'),(8,'admin','2017-01-24 20:59:58','AUTHENTICATION_SUCCESS'),(9,'admin','2017-01-24 21:00:19','AUTHENTICATION_SUCCESS'),(10,'admin','2017-01-24 21:05:33','AUTHENTICATION_SUCCESS'),(11,'admin','2017-01-26 11:02:38','AUTHENTICATION_SUCCESS'),(12,'jeremie','2017-01-29 16:28:55','AUTHENTICATION_SUCCESS'),(13,'daniel','2017-01-29 16:29:34','AUTHENTICATION_SUCCESS');

/*Table structure for table `jhi_persistent_audit_evt_data` */

DROP TABLE IF EXISTS `jhi_persistent_audit_evt_data`;

CREATE TABLE `jhi_persistent_audit_evt_data` (
  `event_id` bigint(20) NOT NULL,
  `name` varchar(150) NOT NULL,
  `value` varchar(255) DEFAULT NULL,
  PRIMARY KEY (`event_id`,`name`),
  KEY `idx_persistent_audit_evt_data` (`event_id`),
  CONSTRAINT `fk_evt_pers_audit_evt_data` FOREIGN KEY (`event_id`) REFERENCES `jhi_persistent_audit_event` (`event_id`)
) ENGINE=InnoDB DEFAULT CHARSET=utf8;

/*Data for the table `jhi_persistent_audit_evt_data` */

/*Table structure for table `jhi_user` */

DROP TABLE IF EXISTS `jhi_user`;

CREATE TABLE `jhi_user` (
  `id` bigint(20) NOT NULL AUTO_INCREMENT,
  `login` varchar(50) NOT NULL,
  `password_hash` varchar(60) DEFAULT NULL,
  `first_name` varchar(50) DEFAULT NULL,
  `last_name` varchar(50) DEFAULT NULL,
  `email` varchar(100) DEFAULT NULL,
  `activated` bit(1) NOT NULL,
  `lang_key` varchar(5) DEFAULT NULL,
  `activation_key` varchar(20) DEFAULT NULL,
  `reset_key` varchar(20) DEFAULT NULL,
  `created_by` varchar(50) NOT NULL,
  `created_date` timestamp NOT NULL,
  `reset_date` timestamp NULL DEFAULT NULL,
  `last_modified_by` varchar(50) DEFAULT NULL,
  `last_modified_date` timestamp NULL DEFAULT NULL,
  `organisation_id` bigint(20) DEFAULT NULL,
  `TELEPHONE` varchar(150) DEFAULT NULL,
  `CODE_OTP` varchar(4) DEFAULT NULL,
  `DATE_EXPIRATION_OTP` timestamp NULL,
  PRIMARY KEY (`id`),
  UNIQUE KEY `login` (`login`),
  UNIQUE KEY `idx_user_login` (`login`),
  UNIQUE KEY `email` (`email`),
  UNIQUE KEY `idx_user_email` (`email`),
  UNIQUE KEY `idx_utilisateur_telephone` (`TELEPHONE`),
  UNIQUE KEY `idx_utilisateur_otp` (`CODE_OTP`),
  KEY `fk_user_organisation_id` (`organisation_id`),
  CONSTRAINT `fk_user_organisation_id` FOREIGN KEY (`organisation_id`) REFERENCES `t_organisation` (`id`)
) ENGINE=InnoDB AUTO_INCREMENT=10 DEFAULT CHARSET=utf8;

/*Data for the table `jhi_user` */

insert  into `jhi_user`(`id`,`login`,`password_hash`,`first_name`,`last_name`,`email`,`activated`,`lang_key`,`activation_key`,`reset_key`,`created_by`,`created_date`,`reset_date`,`last_modified_by`,`last_modified_date`,`organisation_id`,`TELEPHONE`,`CODE_OTP`,`DATE_EXPIRATION_OTP`) values (1,'system','$2a$10$mE.qmcV0mFU5NcKh73TZx.z4ueI/.bDWbj0T1BYyqP481kGGarKLG','System','System','system@localhost','','en',NULL,NULL,'system','2016-11-15 11:42:49',NULL,'system',NULL,2,NULL,NULL,NULL),(2,'anonymoususer','$2a$10$j8S5d7Sr7.8VTOYNviDPOeWX8KcYILUVJBsYV83Y5NtECayypx9lO','Anonymous','User','anonymous@localhost','','en',NULL,NULL,'system','2016-11-15 11:42:49',NULL,'system',NULL,2,NULL,NULL,NULL),(3,'admin','$2a$10$gSAhZrxMllrbgj/kkK9UceBPpChGWJA7SYIb1Mqo.n5aNLq1/oRrC','Administrator','Administrator','admin@localhost','','en',NULL,NULL,'system','2016-11-15 11:42:49',NULL,'system',NULL,2,'59081253',NULL,NULL),(4,'user','$2a$10$VEjxo0jq2YG9Rbk2HmX9S.k1uZBGYUHdUcid3g/vfiEl7lwWgOH/K','User','User','user@localhost','','en',NULL,NULL,'system','2016-11-15 11:42:49',NULL,'system',NULL,2,NULL,NULL,NULL),(5,'simon','$2a$10$gSAhZrxMllrbgj/kkK9UceBPpChGWJA7SYIb1Mqo.n5aNLq1/oRrC','Simon','Ngos','useradmin@localhost','','en',NULL,NULL,'system','2017-01-26 12:19:42',NULL,'system',NULL,NULL,'675852416',NULL,NULL),(6,'daniel','$2a$10$gSAhZrxMllrbgj/kkK9UceBPpChGWJA7SYIb1Mqo.n5aNLq1/oRrC','Daniel','Fouomene','daniel@localhost','','en',NULL,NULL,'system','2017-01-26 12:30:29',NULL,'system',NULL,3,'674099619',NULL,NULL),(7,'jeremie','$2a$10$gSAhZrxMllrbgj/kkK9UceBPpChGWJA7SYIb1Mqo.n5aNLq1/oRrC','Jeremie','Komolo','jeremie@localhsot','','en',NULL,NULL,'system','2017-01-26 12:34:10',NULL,'system',NULL,3,'685211459',NULL,NULL),(8,'rodine','$2a$10$gSAhZrxMllrbgj/kkK9UceBPpChGWJA7SYIb1Mqo.n5aNLq1/oRrC','Rodine','Djuffo','rodine@localhsot','','en',NULL,NULL,'system','2017-01-26 12:36:56',NULL,'system',NULL,NULL,'685142356',NULL,NULL),(9,'florette','$2a$10$gSAhZrxMllrbgj/kkK9UceBPpChGWJA7SYIb1Mqo.n5aNLq1/oRrC','Florette','Ngos','florette@localhost','','en',NULL,NULL,'system','2017-01-26 12:39:56',NULL,'system',NULL,NULL,'652148596',NULL,NULL);

/*Table structure for table `jhi_user_authority` */

DROP TABLE IF EXISTS `jhi_user_authority`;

CREATE TABLE `jhi_user_authority` (
  `user_id` bigint(20) NOT NULL,
  `authority_name` varchar(50) NOT NULL,
  PRIMARY KEY (`user_id`,`authority_name`),
  KEY `fk_authority_name` (`authority_name`),
  CONSTRAINT `fk_authority_name` FOREIGN KEY (`authority_name`) REFERENCES `jhi_authority` (`name`),
  CONSTRAINT `fk_user_id` FOREIGN KEY (`user_id`) REFERENCES `jhi_user` (`id`)
) ENGINE=InnoDB DEFAULT CHARSET=utf8;

/*Data for the table `jhi_user_authority` */

insert  into `jhi_user_authority`(`user_id`,`authority_name`) values (1,'ROLE_ADMIN'),(3,'ROLE_ADMIN'),(5,'ROLE_ADMIN'),(6,'ROLE_ADMIN'),(8,'ROLE_ADMIN'),(9,'ROLE_AGENT_PUBLIC'),(7,'ROLE_SYNDICAT'),(1,'ROLE_USER'),(3,'ROLE_USER'),(4,'ROLE_USER');

/*Table structure for table `t_attachment` */

DROP TABLE IF EXISTS `t_attachment`;

CREATE TABLE `t_attachment` (
  `id` bigint(20) NOT NULL AUTO_INCREMENT,
  `number` varchar(60) NOT NULL,
  `front` varchar(255) NOT NULL,
  `back` varchar(255) DEFAULT NULL,
  `comment` varchar(255) DEFAULT NULL,
  `created_by` varchar(50) NOT NULL,
  `created_date` timestamp NOT NULL ON UPDATE CURRENT_TIMESTAMP,
  `last_modified_by` varchar(50) NOT NULL,
  `last_modified_date` timestamp NOT NULL,
  `taxi_driver_id` bigint(20) NOT NULL,
  `version` int(11) NOT NULL,
  PRIMARY KEY (`id`),
  KEY `fk_attachment_taxi_driver_id` (`taxi_driver_id`),
  CONSTRAINT `fk_attachment_taxi_driver_id` FOREIGN KEY (`taxi_driver_id`) REFERENCES `t_taxi_driver` (`id`)
) ENGINE=InnoDB AUTO_INCREMENT=68 DEFAULT CHARSET=utf8;

/*Data for the table `t_attachment` */

insert  into `t_attachment`(`id`,`number`,`front`,`back`,`comment`,`created_by`,`created_date`,`last_modified_by`,`last_modified_date`,`taxi_driver_id`,`version`) values (1,'NICN','d438c1b6-31b1-462c-92b3-e1a6ecbdce2f',NULL,NULL,'anonymousUser','2015-07-22 11:20:54','anonymousUser','2015-07-22 11:20:54',1,0),(2,'NICN','996aba9f-4c86-4e5c-b56c-1b1bd26dce60','bc675187-6b75-49b6-9b2d-33d913e3aba9',NULL,'anonymousUser','2015-07-23 14:36:24','anonymousUser','2015-07-23 14:36:24',4,0),(3,'CAPACITY','ea6e053b-e753-430b-9010-1b4f3e4864e9','a749f324-0735-4f73-b326-9fbb7d9edb04',NULL,'anonymousUser','2015-07-23 14:36:24','anonymousUser','2015-07-23 14:36:24',4,0),(4,'DRIVER_LICENSE','ff743120-65f1-4bce-b1d9-8cf9925d49bd','79f47da9-3d9b-40d0-aeae-955f0b06730d',NULL,'anonymousUser','2015-07-23 14:36:24','anonymousUser','2015-07-23 14:36:24',4,0),(5,'NICN','e14a51b4-c6be-44f2-b92c-13d3ff573c7b','ce97f129-8825-47b0-b389-d03798889de8',NULL,'anonymousUser','2015-09-12 09:42:03','anonymousUser','2015-09-12 09:42:03',5,0),(6,'CAPACITY','145a8204-17fe-4804-95dc-22f205aed37a','83bd5797-9c99-4695-be41-276927a7b920',NULL,'anonymousUser','2015-09-12 09:42:03','anonymousUser','2015-09-12 09:42:03',5,0),(7,'DRIVER_LICENSE','40b7d8c9-5c0c-45cb-ae2d-cba7d1eb0752','9e8a6d6e-0cd2-4a70-ac31-f80399bfd3cd',NULL,'anonymousUser','2015-09-12 09:42:03','anonymousUser','2015-09-12 09:42:03',5,0),(8,'NICN','24625cad-b50c-41c7-a817-0fe2626e578a','87aa6f3b-2016-4ba4-815c-5fc67d397b58',NULL,'anonymousUser','2015-12-04 17:24:33','anonymousUser','2015-12-04 17:24:33',6,0),(9,'CAPACITY','a998be6b-1978-4e49-bc2f-753d9f581e27','ad6b512a-7da7-4abf-b11d-287f5cfef071',NULL,'anonymousUser','2015-12-04 17:24:34','anonymousUser','2015-12-04 17:24:34',6,0),(10,'DRIVER_LICENSE','ef1f4a86-50b2-4945-8bc8-0aebf1442bc4','b4837f16-1205-420a-a4c7-b4f902067d8d',NULL,'anonymousUser','2015-12-04 17:24:34','anonymousUser','2015-12-04 17:24:34',6,0),(11,'NICN','1624b12d-90c5-4c26-ae2b-89a0d34895f6','c1820ee3-c575-41d4-a895-f453d997c005',NULL,'anonymousUser','2015-12-04 17:38:21','anonymousUser','2015-12-04 17:38:21',7,0),(12,'CAPACITY','9ea4d039-3acb-4bc9-bb87-038d2e13dc37','3ad7c830-5336-4123-8ab2-b36c2f17c03f',NULL,'anonymousUser','2015-12-04 17:38:21','anonymousUser','2015-12-04 17:38:21',7,0),(13,'DRIVER_LICENSE','395fe1fb-9b50-4d82-b7e4-642aac22788e','5947be47-d4e9-4bb8-ba2a-f68db90b3574',NULL,'anonymousUser','2015-12-04 17:38:21','anonymousUser','2015-12-04 17:38:21',7,0),(14,'NICN','e9ce08cb-7176-4f00-b225-61fbf2d90cde','2f2444b8-40a6-4b22-bc63-da08593fab5e',NULL,'anonymousUser','2016-04-06 09:33:38','anonymousUser','2016-04-06 09:33:38',8,0),(15,'CAPACITY','f3b81c69-66e2-4cad-86c9-84d5a6462842','fe82d1f3-27a4-4028-bd6e-189050bf4ca3',NULL,'anonymousUser','2016-04-06 09:33:38','anonymousUser','2016-04-06 09:33:38',8,0),(16,'DRIVER_LICENSE','f8000483-c55a-47c3-a557-3851daa330b0','e2c6c97c-e5f2-4842-a2ef-c9970b23f694',NULL,'anonymousUser','2016-04-06 09:33:38','anonymousUser','2016-04-06 09:33:38',8,0),(17,'NICN','d647c2a6-a915-4b97-bc27-011a10e4f5aa','3d1a5645-b845-4c60-8cfe-428cf7678a4c',NULL,'anonymousUser','2016-04-06 09:37:22','anonymousUser','2016-04-06 09:37:22',9,0),(18,'CAPACITY','a6aa52e2-2f19-4fa1-8eda-28a65a926f5f','362fc9a8-15b1-41df-b1e2-60a7ae7ea681',NULL,'anonymousUser','2016-04-06 09:37:22','anonymousUser','2016-04-06 09:37:22',9,0),(19,'DRIVER_LICENSE','ab85defb-d4eb-442b-a233-dde4c9e4791c','7bfb61d9-264b-4e61-a3ad-9e0a3655d0ba',NULL,'anonymousUser','2016-04-06 09:37:22','anonymousUser','2016-04-06 09:37:22',9,0),(20,'NICN','ecaf89e7-1ca9-4f0c-bb1c-450e8d2403d5','cc89726e-3aee-4783-badc-644730ffb539',NULL,'anonymousUser','2016-04-06 09:38:43','anonymousUser','2016-04-06 09:38:43',10,0),(21,'CAPACITY','9d1298ea-41ae-4fb5-987f-8cedb1bd1d1b','01c8c608-9fd9-4175-8453-e5af1c3b9e5a',NULL,'anonymousUser','2016-04-06 09:38:43','anonymousUser','2016-04-06 09:38:43',10,0),(22,'DRIVER_LICENSE','1c7ccec4-07e6-4a74-b43a-6448efd335de','97dd3dc2-4a50-429b-9e1e-bf926672fa26',NULL,'anonymousUser','2016-04-06 09:38:43','anonymousUser','2016-04-06 09:38:43',10,0),(23,'NICN','2154bbab-bd9e-45cc-bb1c-1cd50d20c2cf','c5ac3f04-79fa-4d71-bf5e-4acfdee972e4',NULL,'anonymousUser','2016-04-06 09:42:40','anonymousUser','2016-04-06 09:42:40',11,0),(24,'CAPACITY','59cc522c-fa6e-46b0-a8a1-5ebdbb9b5438','1b18f724-d2e0-4ea8-a5b4-f71f5b116056',NULL,'anonymousUser','2016-04-06 09:42:40','anonymousUser','2016-04-06 09:42:40',11,0),(25,'DRIVER_LICENSE','df03f48c-8469-4cb0-a0f6-6ab896b93a0d','cc69873f-8384-430e-abc4-1db9b272e2ed',NULL,'anonymousUser','2016-04-06 09:42:40','anonymousUser','2016-04-06 09:42:40',11,0),(26,'NICN','279e5ed5-7390-4999-914e-15a4b24142d3','78f0c092-a5f3-4e0e-8221-e0697c01c358',NULL,'anonymousUser','2016-04-06 09:44:08','anonymousUser','2016-04-06 09:44:08',12,0),(27,'CAPACITY','8588c0de-8357-4902-8e65-419d2b9cfd73','e0ada077-394c-4416-8a0b-caed68094ea7',NULL,'anonymousUser','2016-04-06 09:44:08','anonymousUser','2016-04-06 09:44:08',12,0),(28,'DRIVER_LICENSE','62f5a1cb-00dc-4bf0-b493-e1612f448d40','1e8a2ec0-d71f-4a12-9474-f83000589186',NULL,'anonymousUser','2016-04-06 09:44:08','anonymousUser','2016-04-06 09:44:08',12,0),(29,'NICN','06542113-1ee9-4a50-b5ad-85c293c1f4e4','d734fdfe-ec17-4257-85db-825ddce0632a',NULL,'anonymousUser','2016-04-06 09:46:41','anonymousUser','2016-04-06 09:46:41',13,0),(30,'CAPACITY','5cfae25b-b404-40a0-a7d7-f52adcdd863b','bbd65d8c-fdb7-46bb-8f78-85fe6d183628',NULL,'anonymousUser','2016-04-06 09:46:41','anonymousUser','2016-04-06 09:46:41',13,0),(31,'DRIVER_LICENSE','b593a4db-8001-4d51-b266-f3342a500e3a','b8829321-499c-4d3a-959c-288fdb9766a4',NULL,'anonymousUser','2016-04-06 09:46:41','anonymousUser','2016-04-06 09:46:41',13,0),(32,'NICN','c199fe54-77b5-4091-a27e-ee49d8661a43','640c8a76-852c-4504-9611-113d89329f6b',NULL,'anonymousUser','2016-04-06 09:48:59','anonymousUser','2016-04-06 09:48:59',14,0),(33,'CAPACITY','90417493-fb67-4ab4-be12-6c5212a7a42d','b51516c0-ce45-48b4-954b-8c9eb2cd06fb',NULL,'anonymousUser','2016-04-06 09:48:59','anonymousUser','2016-04-06 09:48:59',14,0),(34,'DRIVER_LICENSE','2875f816-3dc0-4065-91fc-bae002acb45f','5259dc55-b137-4efd-9ade-8a29a0f464d2',NULL,'anonymousUser','2016-04-06 09:48:59','anonymousUser','2016-04-06 09:48:59',14,0),(35,'NICN','eb4a7036-0a17-43ff-82e0-d2c59e0ac76a','a31f1879-9b61-4453-8b08-a5b598f62f17',NULL,'anonymousUser','2016-04-06 09:50:56','anonymousUser','2016-04-06 09:50:56',15,0),(36,'CAPACITY','d84b197f-bf15-46a3-817a-03ebd2516a56','2690075b-5820-417a-ad6c-da5ce5acd685',NULL,'anonymousUser','2016-04-06 09:50:56','anonymousUser','2016-04-06 09:50:56',15,0),(37,'DRIVER_LICENSE','627b9222-9ded-4828-9562-6e962e4da9e7','02fee868-6d55-4ff7-9552-d70c912911eb',NULL,'anonymousUser','2016-04-06 09:50:56','anonymousUser','2016-04-06 09:50:56',15,0),(38,'NICN','56315a55-b8e0-43d1-bd21-7a69fb8694c4','b8ae146d-7fca-4b99-935e-09b537c58147',NULL,'anonymousUser','2016-04-06 09:52:21','anonymousUser','2016-04-06 09:52:21',16,0),(39,'CAPACITY','c675ce43-b8e3-4a72-b3f2-8d37e7167ffc','ffda1f37-999b-4e95-b310-1ff705b98672',NULL,'anonymousUser','2016-04-06 09:52:21','anonymousUser','2016-04-06 09:52:21',16,0),(40,'DRIVER_LICENSE','40416013-6b47-44e9-825c-67aa946bc556','6dd17232-8afe-421f-9258-2c8fa18310cd',NULL,'anonymousUser','2016-04-06 09:52:21','anonymousUser','2016-04-06 09:52:21',16,0),(41,'NICN','ea63b2dd-8253-4ad8-bdf9-d0204d35e148','71f2dfa4-5333-414c-976d-2a6fb5c4ffdc',NULL,'anonymousUser','2016-04-06 09:54:28','anonymousUser','2016-04-06 09:54:28',17,0),(42,'CAPACITY','03236485-b860-4c49-92c0-c375006aff3d','59e509d5-83c6-4f23-930b-f68c76fabf51',NULL,'anonymousUser','2016-04-06 09:54:28','anonymousUser','2016-04-06 09:54:28',17,0),(43,'DRIVER_LICENSE','07b1f184-98cd-4bdb-acf4-47258a68142c','63275d31-75cf-4ac7-b55a-5d1caed2efd9',NULL,'anonymousUser','2016-04-06 09:54:28','anonymousUser','2016-04-06 09:54:28',17,0),(44,'NICN','6972303b-3f00-4623-91f3-ecc2c0d966d3','cd1480ec-0495-428b-ac83-e7c364950b48',NULL,'anonymousUser','2016-04-06 09:56:05','anonymousUser','2016-04-06 09:56:05',18,0),(45,'CAPACITY','5a984e6c-0934-4467-ac93-a28ef81a0b1d','caed5fd3-db9a-4d07-9f37-8a3955e90c7d',NULL,'anonymousUser','2016-04-06 09:56:05','anonymousUser','2016-04-06 09:56:05',18,0),(46,'DRIVER_LICENSE','4a2c0325-8c47-473c-9a1a-5add7377fd6c','64b0b098-b185-4d01-9687-f67d67e9ce3a',NULL,'anonymousUser','2016-04-06 09:56:05','anonymousUser','2016-04-06 09:56:05',18,0),(47,'NICN','78fd2098-07de-4067-9c1a-d273dd92b720','f4b54add-a79f-4b6d-a490-0af0b302b05c',NULL,'anonymousUser','2016-04-06 09:57:41','anonymousUser','2016-04-06 09:57:41',19,0),(48,'CAPACITY','e054f94c-a573-4e5a-ba5b-9b0414ab4d54','26215143-05dd-4d3c-8907-a2718a037f3c',NULL,'anonymousUser','2016-04-06 09:57:41','anonymousUser','2016-04-06 09:57:41',19,0),(49,'DRIVER_LICENSE','c4518c65-b76e-4c48-8bf7-33173025a0e3','731c98fe-d3f9-4cdd-876c-14357978eff8',NULL,'anonymousUser','2016-04-06 09:57:41','anonymousUser','2016-04-06 09:57:41',19,0),(50,'NICN','adfe9acc-25a5-4a7e-ab7e-0bef6269a12f','8b7327b9-0519-45ae-ba57-41e557a7fe1e',NULL,'anonymousUser','2016-04-06 09:59:15','anonymousUser','2016-04-06 09:59:15',20,0),(51,'CAPACITY','de730859-fd96-402a-b171-5add9c681694','15c23a89-d219-4b93-906a-96dad4792f92',NULL,'anonymousUser','2016-04-06 09:59:15','anonymousUser','2016-04-06 09:59:15',20,0),(52,'DRIVER_LICENSE','0cfbd309-a704-4871-bc1c-af6e865bb8b4','29dfe831-e027-4f3c-9b8e-13f6fd64e994',NULL,'anonymousUser','2016-04-06 09:59:15','anonymousUser','2016-04-06 09:59:15',20,0),(53,'NICN','ff53301a-c89a-4841-b706-b86a54daaa61','a1acc75e-a805-4f3a-a5bd-e575382ed45d',NULL,'anonymousUser','2016-04-06 10:01:02','anonymousUser','2016-04-06 10:01:02',21,0),(54,'CAPACITY','6f068c52-0d84-4cc3-85a4-13db63cb88f2','fce00e36-0d13-4e43-9767-4e573a771dba',NULL,'anonymousUser','2016-04-06 10:01:02','anonymousUser','2016-04-06 10:01:02',21,0),(55,'DRIVER_LICENSE','e4560a2f-b8ab-4fea-8949-3166cacc7fc4','e1791933-a434-47cf-ac37-dcceeb4f2fb8',NULL,'anonymousUser','2016-04-06 10:01:02','anonymousUser','2016-04-06 10:01:02',21,0),(56,'NICN','f5b96c7a-6c92-4477-8218-5867877eb4f1','bde782f5-cbff-4d4e-809f-48c241412f0a',NULL,'anonymousUser','2016-04-06 10:02:15','anonymousUser','2016-04-06 10:02:15',22,0),(57,'CAPACITY','32a6f643-eedf-4bed-9405-c4346250e93e','761da9ee-fadb-40c5-b433-f85e8b7ce3f9',NULL,'anonymousUser','2016-04-06 10:02:15','anonymousUser','2016-04-06 10:02:15',22,0),(58,'DRIVER_LICENSE','328019b3-86cf-47e2-a7ea-49355c7945f7','999af681-ba58-4976-a55e-a6f36816646c',NULL,'anonymousUser','2016-04-06 10:02:15','anonymousUser','2016-04-06 10:02:15',22,0),(59,'NICN','268134a5-227b-4a2f-b2aa-f8262dfb2306','2c732c47-6d6e-47c2-88e6-c4f5dd7adb6e',NULL,'anonymousUser','2016-04-06 10:04:09','anonymousUser','2016-04-06 10:04:09',23,0),(60,'CAPACITY','04a83aaf-7ac4-45eb-b6ee-cc3485652e64','238846c4-c0f7-40be-8f8b-171e0d63e6f0',NULL,'anonymousUser','2016-04-06 10:04:09','anonymousUser','2016-04-06 10:04:09',23,0),(61,'DRIVER_LICENSE','1c9b3178-721a-4d06-9d73-3d586b22434c','4a68e6e7-7d60-4094-b694-1d9f082bcfd2',NULL,'anonymousUser','2016-04-06 10:04:09','anonymousUser','2016-04-06 10:04:09',23,0),(62,'NICN','73535d9b-b344-4de5-b605-7fac8e623011','15589af8-ada3-4e32-85c2-729f1291626a',NULL,'anonymousUser','2016-04-06 10:05:16','anonymousUser','2016-04-06 10:05:16',24,0),(63,'CAPACITY','17479c05-fada-4e74-b83b-008bda63ca3d','fc6b8c19-b053-4818-859d-8dbfc63fbd3e',NULL,'anonymousUser','2016-04-06 10:05:16','anonymousUser','2016-04-06 10:05:16',24,0),(64,'DRIVER_LICENSE','d4b2db81-8735-43be-9e92-29ba7ce32ef6','af466c9f-b103-4723-9b05-5eabe9241922',NULL,'anonymousUser','2016-04-06 10:05:16','anonymousUser','2016-04-06 10:05:16',24,0),(65,'NICN','1c400de2-66f9-4a4f-bd1d-e5914ea4a8f9','8ea188dc-67b1-48ec-abfc-b25524fd32b1',NULL,'anonymousUser','2016-04-06 10:06:45','anonymousUser','2016-04-06 10:06:45',25,0),(66,'CAPACITY','840bded8-f4ae-4575-9d58-7ca744647da6','879de22b-7d8a-4132-8689-448d2873f4a7',NULL,'anonymousUser','2016-04-06 10:06:45','anonymousUser','2016-04-06 10:06:45',25,0),(67,'DRIVER_LICENSE','b323609f-e195-478b-8f98-698322bf69dd','ef7a430a-5578-4486-8310-76f613879ed2',NULL,'anonymousUser','2016-04-06 10:06:45','anonymousUser','2016-04-06 10:06:45',25,0);

/*Table structure for table `t_capture` */

DROP TABLE IF EXISTS `t_capture`;

CREATE TABLE `t_capture` (
  `id` bigint(20) NOT NULL AUTO_INCREMENT,
  `code` varchar(255) NOT NULL,
  `valeur` longblob NOT NULL,
  `valeur_content_type` varchar(255) DEFAULT NULL,
  `created_by` varchar(50) NOT NULL,
  `created_date` timestamp NOT NULL ON UPDATE CURRENT_TIMESTAMP,
  `last_modified_by` varchar(50) NOT NULL,
  `last_modified_date` timestamp NOT NULL,
  `attachment_id` bigint(20) NOT NULL,
  `version` int(11) NOT NULL,
  PRIMARY KEY (`id`),
  KEY `fk_capture_attachment_id` (`attachment_id`),
  CONSTRAINT `fk_capture_attachment_id` FOREIGN KEY (`attachment_id`) REFERENCES `t_attachment` (`id`)
) ENGINE=InnoDB AUTO_INCREMENT=2 DEFAULT CHARSET=utf8;

/*Data for the table `t_capture` */

insert  into `t_capture`(`id`,`code`,`valeur`,`valeur_content_type`,`created_by`,`created_date`,`last_modified_by`,`last_modified_date`,`attachment_id`,`version`) values (1,'d438c1b6-31b1-462c-92b3-e1a6ecbdce2f','<?xml version=\"1.0\" encoding=\"UTF-8\"?>\r\n<?PowerDesigner AppLocale=\"UTF16\" ID=\"{21F4EE92-1ADE-452A-A0D1-83FC032BE542}\" Label=\"\" LastModificationDate=\"1437411734\" Name=\"Diagramme de classes UML_1\" Objects=\"131\" Symbols=\"34\" Target=\"Analyse\" TargetLink=\"Reference\" Type=\"{18112060-1A4B-11D1-83D9-444553540000}\" signature=\"CLD_OBJECT_MODEL\" version=\"15.1.0.2850\"?>\r\n<!-- Veuillez ne pas modifier ce fichier -->\r\n\r\n<Model xmlns:a=\"attribute\" xmlns:c=\"collection\" xmlns:o=\"object\">\r\n\r\n<o:RootObject Id=\"o1\">\r\n<c:Children>\r\n<o:Model Id=\"o2\">\r\n<a:ObjectID>21F4EE92-1ADE-452A-A0D1-83FC032BE542</a:ObjectID>\r\n<a:Name>Diagramme de classes UML_1</a:Name>\r\n<a:Code>Diagramme_de_classes_UML_1</a:Code>\r\n<a:CreationDate>1436519925</a:CreationDate>\r\n<a:Creator>sngos</a:Creator>\r\n<a:ModificationDate>1437407130</a:ModificationDate>\r\n<a:Modifier>sngos</a:Modifier>\r\n<a:PackageOptionsText>[FolderOptions]\r\n\r\n[FolderOptions\\Class Diagram Objects]\r\nGenerationCheckModel=Yes\r\nGenerationPath=\r\nGenerationOptions=\r\nGenerationTasks=\r\nGenerationTargets=\r\nGenerationSelections=</a:PackageOptionsText>\r\n<a:ModelOptionsText>[ModelOptions]\r\n\r\n[ModelOptions\\Cld]\r\nCaseSensitive=No\r\nDisplayName=Yes\r\nEnableTrans=No\r\nEnableRequirements=No\r\nShowClss=No\r\nDeftAttr=int\r\nDeftMthd=\r\nDeftParm=int\r\nDeftCont=\r\nDomnDttp=Yes\r\nDomnChck=No\r\nDomnRule=No\r\nSupportDelay=No\r\nPreviewEditable=Yes\r\nAutoRealize=No\r\nDttpFullName=Yes\r\nDeftClssAttrVisi=private\r\nVBNetPreprocessingSymbols=\r\nCSharpPreprocessingSymbols=\r\n\r\n[ModelOptions\\Cld\\NamingOptionsTemplates]\r\n\r\n[ModelOptions\\Cld\\ClssNamingOptions]\r\n\r\n[ModelOptions\\Cld\\ClssNamingOptions\\CLDPCKG]\r\n\r\n[ModelOptions\\Cld\\ClssNamingOptions\\CLDPCKG\\Name]\r\nTemplate=\r\nMaxLen=254\r\nCase=M\r\nValidChar=\r\nInvldChar=\r\nAllValid=Yes\r\nNoAccent=No\r\nDefaultChar=_\r\nScript=.convert_name(%Name%,&quot;_&quot;)\r\nConvTable=\r\nConvTablePath=%_HOME%\\Fichiers de ressources\\Tables de conversion\r\n\r\n[ModelOptions\\Cld\\ClssNamingOptions\\CLDPCKG\\Code]\r\nTemplate=\r\nMaxLen=254\r\nCase=M\r\nValidChar=&#39;a&#39;-&#39;z&#39;,&#39;A&#39;-&#39;Z&#39;,&#39;0&#39;-&#39;9&#39;,&quot;_&quot;\r\nInvldChar=&quot; +-*/!=&lt;&gt;&#39;&quot;&quot;().&quot;\r\nAllValid=Yes\r\nNoAccent=Yes\r\nDefaultChar=_\r\nScript=.convert_code(%Code%,&quot; &quot;)\r\nConvTable=\r\nConvTablePath=%_HOME%\\Fichiers de ressources\\Tables de conversion\r\n\r\n[ModelOptions\\Cld\\ClssNamingOptions\\CLDDOMN]\r\n\r\n[ModelOptions\\Cld\\ClssNamingOptions\\CLDDOMN\\Name]\r\nTemplate=\r\nMaxLen=254\r\nCase=M\r\nValidChar=\r\nInvldChar=\r\nAllValid=Yes\r\nNoAccent=No\r\nDefaultChar=_\r\nScript=.convert_name(%Name%,&quot;_&quot;)\r\nConvTable=\r\nConvTablePath=%_HOME%\\Fichiers de ressources\\Tables de conversion\r\n\r\n[ModelOptions\\Cld\\ClssNamingOptions\\CLDDOMN\\Code]\r\nTemplate=\r\nMaxLen=254\r\nCase=M\r\nValidChar=&#39;a&#39;-&#39;z&#39;,&#39;A&#39;-&#39;Z&#39;,&#39;0&#39;-&#39;9&#39;,&quot;_&quot;\r\nInvldChar=&quot; +-*/!=&lt;&gt;&#39;&quot;&quot;().&quot;\r\nAllValid=Yes\r\nNoAccent=Yes\r\nDefaultChar=_\r\nScript=.convert_code(%Code%,&quot; &quot;)\r\nConvTable=\r\nConvTablePath=%_HOME%\\Fichiers de ressources\\Tables de conversion\r\n\r\n[ModelOptions\\Cld\\ClssNamingOptions\\CLDCLASS]\r\n\r\n[ModelOptions\\Cld\\ClssNamingOptions\\CLDCLASS\\Name]\r\nTemplate=\r\nMaxLen=254\r\nCase=M\r\nValidChar=\r\nInvldChar=\r\nAllValid=Yes\r\nNoAccent=No\r\nDefaultChar=_\r\nScript=.convert_name(%Name%,&quot;_&quot;)\r\nConvTable=\r\nConvTablePath=%_HOME%\\Fichiers de ressources\\Tables de conversion\r\n\r\n[ModelOptions\\Cld\\ClssNamingOptions\\CLDCLASS\\Code]\r\nTemplate=\r\nMaxLen=254\r\nCase=M\r\nValidChar=&#39;a&#39;-&#39;z&#39;,&#39;A&#39;-&#39;Z&#39;,&#39;0&#39;-&#39;9&#39;,&quot;_&quot;\r\nInvldChar=&quot; +-*/!=&lt;&gt;&#39;&quot;&quot;().&quot;\r\nAllValid=Yes\r\nNoAccent=Yes\r\nDefaultChar=_\r\nScript=.convert_code(%Code%,&quot; &quot;)\r\nConvTable=\r\nConvTablePath=%_HOME%\\Fichiers de ressources\\Tables de conversion\r\n\r\n[ModelOptions\\Cld\\ClssNamingOptions\\CLDINTF]\r\n\r\n[ModelOptions\\Cld\\ClssNamingOptions\\CLDINTF\\Name]\r\nTemplate=\r\nMaxLen=254\r\nCase=M\r\nValidChar=\r\nInvldChar=\r\nAllValid=Yes\r\nNoAccent=No\r\nDefaultChar=_\r\nScript=.convert_name(%Name%,&quot;_&quot;)\r\nConvTable=\r\nConvTablePath=%_HOME%\\Fichiers de ressources\\Tables de conversion\r\n\r\n[ModelOptions\\Cld\\ClssNamingOptions\\CLDINTF\\Code]\r\nTemplate=\r\nMaxLen=254\r\nCase=M\r\nValidChar=&#39;a&#39;-&#39;z&#39;,&#39;A&#39;-&#39;Z&#39;,&#39;0&#39;-&#39;9&#39;,&quot;_&quot;\r\nInvldChar=&quot; +-*/!=&lt;&gt;&#39;&quot;&quot;().&quot;\r\nAllValid=Yes\r\nNoAccent=Yes\r\nDefaultChar=_\r\nScript=.convert_code(%Code%,&quot; &quot;)\r\nConvTable=\r\nConvTablePath=%_HOME%\\Fichiers de ressources\\Tables de conversion\r\n\r\n[ModelOptions\\Cld\\ClssNamingOptions\\UCDACTR]\r\n\r\n[ModelOptions\\Cld\\ClssNamingOptions\\UCDACTR\\Name]\r\nTemplate=\r\nMaxLen=254\r\nCase=M\r\nValidChar=\r\nInvldChar=\r\nAllValid=Yes\r\nNoAccent=No\r\nDefaultChar=_\r\nScript=.convert_name(%Name%,&quot;_&quot;)\r\nConvTable=\r\nConvTablePath=%_HOME%\\Fichiers de ressources\\Tables de conversion\r\n\r\n[ModelOptions\\Cld\\ClssNamingOptions\\UCDACTR\\Code]\r\nTemplate=\r\nMaxLen=254\r\nCase=M\r\nValidChar=&#39;a&#39;-&#39;z&#39;,&#39;A&#39;-&#39;Z&#39;,&#39;0&#39;-&#39;9&#39;,&quot;_&quot;\r\nInvldChar=&quot; +-*/!=&lt;&gt;&#39;&quot;&quot;().&quot;\r\nAllValid=Yes\r\nNoAccent=Yes\r\nDefaultChar=_\r\nScript=.convert_code(%Code%,&quot; &quot;)\r\nConvTable=\r\nConvTablePath=%_HOME%\\Fichiers de ressources\\Tables de conversion\r\n\r\n[ModelOptions\\Cld\\ClssNamingOptions\\UCDUCAS]\r\n\r\n[ModelOptions\\Cld\\ClssNamingOptions\\UCDUCAS\\Name]\r\nTemplate=\r\nMaxLen=254\r\nCase=M\r\nValidChar=\r\nInvldChar=\r\nAllValid=Yes\r\nNoAccent=No\r\nDefaultChar=_\r\nScript=.convert_name(%Name%,&quot;_&quot;)\r\nConvTable=\r\nConvTablePath=%_HOME%\\Fichiers de ressources\\Tables de conversion\r\n\r\n[ModelOptions\\Cld\\ClssNamingOptions\\UCDUCAS\\Code]\r\nTemplate=\r\nMaxLen=254\r\nCase=M\r\nValidChar=&#39;a&#39;-&#39;z&#39;,&#39;A&#39;-&#39;Z&#39;,&#39;0&#39;-&#39;9&#39;,&quot;_&quot;\r\nInvldChar=&quot; +-*/!=&lt;&gt;&#39;&quot;&quot;().&quot;\r\nAllValid=Yes\r\nNoAccent=Yes\r\nDefaultChar=_\r\nScript=.convert_code(%Code%,&quot; &quot;)\r\nConvTable=\r\nConvTablePath=%_HOME%\\Fichiers de ressources\\Tables de conversion\r\n\r\n[ModelOptions\\Cld\\ClssNamingOptions\\SQDOBJT]\r\n\r\n[ModelOptions\\Cld\\ClssNamingOptions\\SQDOBJT\\Name]\r\nTemplate=\r\nMaxLen=254\r\nCase=M\r\nValidChar=\r\nInvldChar=\r\nAllValid=Yes\r\nNoAccent=No\r\nDefaultChar=_\r\nScript=.convert_name(%Name%,&quot;_&quot;)\r\nConvTable=\r\nConvTablePath=%_HOME%\\Fichiers de ressources\\Tables de conversion\r\n\r\n[ModelOptions\\Cld\\ClssNamingOptions\\SQDOBJT\\Code]\r\nTemplate=\r\nMaxLen=254\r\nCase=M\r\nValidChar=&#39;a&#39;-&#39;z&#39;,&#39;A&#39;-&#39;Z&#39;,&#39;0&#39;-&#39;9&#39;,&quot;_&quot;\r\nInvldChar=&quot; +-*/!=&lt;&gt;&#39;&quot;&quot;().&quot;\r\nAllValid=Yes\r\nNoAccent=Yes\r\nDefaultChar=_\r\nScript=.convert_code(%Code%,&quot; &quot;)\r\nConvTable=\r\nConvTablePath=%_HOME%\\Fichiers de ressources\\Tables de conversion\r\n\r\n[ModelOptions\\Cld\\ClssNamingOptions\\SQDMSSG]\r\n\r\n[ModelOptions\\Cld\\ClssNamingOptions\\SQDMSSG\\Name]\r\nTemplate=\r\nMaxLen=254\r\nCase=M\r\nValidChar=\r\nInvldChar=\r\nAllValid=Yes\r\nNoAccent=No\r\nDefaultChar=_\r\nScript=.convert_name(%Name%,&quot;_&quot;)\r\nConvTable=\r\nConvTablePath=%_HOME%\\Fichiers de ressources\\Tables de conversion\r\n\r\n[ModelOptions\\Cld\\ClssNamingOptions\\SQDMSSG\\Code]\r\nTemplate=\r\nMaxLen=254\r\nCase=M\r\nValidChar=&#39;a&#39;-&#39;z&#39;,&#39;A&#39;-&#39;Z&#39;,&#39;0&#39;-&#39;9&#39;,&quot;_&quot;\r\nInvldChar=&quot; +-*/!=&lt;&gt;&#39;&quot;&quot;().&quot;\r\nAllValid=Yes\r\nNoAccent=Yes\r\nDefaultChar=_\r\nScript=.convert_code(%Code%,&quot; &quot;)\r\nConvTable=\r\nConvTablePath=%_HOME%\\Fichiers de ressources\\Tables de conversion\r\n\r\n[ModelOptions\\Cld\\ClssNamingOptions\\CPDCOMP]\r\n\r\n[ModelOptions\\Cld\\ClssNamingOptions\\CPDCOMP\\Name]\r\nTemplate=\r\nMaxLen=254\r\nCase=M\r\nValidChar=\r\nInvldChar=\r\nAllValid=Yes\r\nNoAccent=No\r\nDefaultChar=_\r\nScript=.convert_name(%Name%,&quot;_&quot;)\r\nConvTable=\r\nConvTablePath=%_HOME%\\Fichiers de ressources\\Tables de conversion\r\n\r\n[ModelOptions\\Cld\\ClssNamingOptions\\CPDCOMP\\Code]\r\nTemplate=\r\nMaxLen=254\r\nCase=M\r\nValidChar=&#39;a&#39;-&#39;z&#39;,&#39;A&#39;-&#39;Z&#39;,&#39;0&#39;-&#39;9&#39;,&quot;_&quot;\r\nInvldChar=&quot; +-*/!=&lt;&gt;&#39;&quot;&quot;().&quot;\r\nAllValid=Yes\r\nNoAccent=Yes\r\nDefaultChar=_\r\nScript=.convert_code(%Code%,&quot; &quot;)\r\nConvTable=\r\nConvTablePath=%_HOME%\\Fichiers de ressources\\Tables de conversion\r\n\r\n[ModelOptions\\Cld\\ClssNamingOptions\\CLDATTR]\r\n\r\n[ModelOptions\\Cld\\ClssNamingOptions\\CLDATTR\\Name]\r\nTemplate=\r\nMaxLen=254\r\nCase=M\r\nValidChar=\r\nInvldChar=\r\nAllValid=Yes\r\nNoAccent=No\r\nDefaultChar=_\r\nScript=.convert_name(%Name%,&quot;_&quot;)\r\nConvTable=\r\nConvTablePath=%_HOME%\\Fichiers de ressources\\Tables de conversion\r\n\r\n[ModelOptions\\Cld\\ClssNamingOptions\\CLDATTR\\Code]\r\nTemplate=\r\nMaxLen=254\r\nCase=M\r\nValidChar=&#39;a&#39;-&#39;z&#39;,&#39;A&#39;-&#39;Z&#39;,&#39;0&#39;-&#39;9&#39;,&quot;_&quot;\r\nInvldChar=&quot; +-*/!=&lt;&gt;&#39;&quot;&quot;().&quot;\r\nAllValid=Yes\r\nNoAccent=Yes\r\nDefaultChar=_\r\nScript=.convert_code(%Code%,&quot; &quot;)\r\nConvTable=\r\nConvTablePath=%_HOME%\\Fichiers de ressources\\Tables de conversion\r\n\r\n[ModelOptions\\Cld\\ClssNamingOptions\\CLDMETHOD]\r\n\r\n[ModelOptions\\Cld\\ClssNamingOptions\\CLDMETHOD\\Name]\r\nTemplate=\r\nMaxLen=254\r\nCase=M\r\nValidChar=\r\nInvldChar=\r\nAllValid=Yes\r\nNoAccent=No\r\nDefaultChar=_\r\nScript=.convert_name(%Name%,&quot;_&quot;)\r\nConvTable=\r\nConvTablePath=%_HOME%\\Fichiers de ressources\\Tables de conversion\r\n\r\n[ModelOptions\\Cld\\ClssNamingOptions\\CLDMETHOD\\Code]\r\nTemplate=\r\nMaxLen=254\r\nCase=M\r\nValidChar=&#39;a&#39;-&#39;z&#39;,&#39;A&#39;-&#39;Z&#39;,&#39;0&#39;-&#39;9&#39;,&quot;_&quot;\r\nInvldChar=&quot; +-*/!=&lt;&gt;&#39;&quot;&quot;().&quot;\r\nAllValid=Yes\r\nNoAccent=Yes\r\nDefaultChar=_\r\nScript=.convert_code(%Code%,&quot; &quot;)\r\nConvTable=\r\nConvTablePath=%_HOME%\\Fichiers de ressources\\Tables de conversion\r\n\r\n[ModelOptions\\Cld\\ClssNamingOptions\\CLDPARM]\r\n\r\n[ModelOptions\\Cld\\ClssNamingOptions\\CLDPARM\\Name]\r\nTemplate=\r\nMaxLen=254\r\nCase=M\r\nValidChar=\r\nInvldChar=\r\nAllValid=Yes\r\nNoAccent=No\r\nDefaultChar=_\r\nScript=.convert_name(%Name%,&quot;_&quot;)\r\nConvTable=\r\nConvTablePath=%_HOME%\\Fichiers de ressources\\Tables de conversion\r\n\r\n[ModelOptions\\Cld\\ClssNamingOptions\\CLDPARM\\Code]\r\nTemplate=\r\nMaxLen=254\r\nCase=M\r\nValidChar=&#39;a&#39;-&#39;z&#39;,&#39;A&#39;-&#39;Z&#39;,&#39;0&#39;-&#39;9&#39;,&quot;_&quot;\r\nInvldChar=&quot; +-*/!=&lt;&gt;&#39;&quot;&quot;().&quot;\r\nAllValid=Yes\r\nNoAccent=Yes\r\nDefaultChar=_\r\nScript=.convert_code(%Code%,&quot; &quot;)\r\nConvTable=\r\nConvTablePath=%_HOME%\\Fichiers de ressources\\Tables de conversion\r\n\r\n[ModelOptions\\Cld\\ClssNamingOptions\\OOMPORT]\r\n\r\n[ModelOptions\\Cld\\ClssNamingOptions\\OOMPORT\\Name]\r\nTemplate=\r\nMaxLen=254\r\nCase=M\r\nValidChar=\r\nInvldChar=\r\nAllValid=Yes\r\nNoAccent=No\r\nDefaultChar=_\r\nScript=.convert_name(%Name%,&quot;_&quot;)\r\nConvTable=\r\nConvTablePath=%_HOME%\\Fichiers de ressources\\Tables de conversion\r\n\r\n[ModelOptions\\Cld\\ClssNamingOptions\\OOMPORT\\Code]\r\nTemplate=\r\nMaxLen=254\r\nCase=M\r\nValidChar=&#39;a&#39;-&#39;z&#39;,&#39;A&#39;-&#39;Z&#39;,&#39;0&#39;-&#39;9&#39;,&quot;_&quot;\r\nInvldChar=&quot; +-*/!=&lt;&gt;&#39;&quot;&quot;().&quot;\r\nAllValid=Yes\r\nNoAccent=Yes\r\nDefaultChar=_\r\nScript=.convert_code(%Code%,&quot; &quot;)\r\nConvTable=\r\nConvTablePath=%_HOME%\\Fichiers de ressources\\Tables de conversion\r\n\r\n[ModelOptions\\Cld\\ClssNamingOptions\\OOMPART]\r\n\r\n[ModelOptions\\Cld\\ClssNamingOptions\\OOMPART\\Name]\r\nTemplate=\r\nMaxLen=254\r\nCase=M\r\nValidChar=\r\nInvldChar=\r\nAllValid=Yes\r\nNoAccent=No\r\nDefaultChar=_\r\nScript=.convert_name(%Name%,&quot;_&quot;)\r\nConvTable=\r\nConvTablePath=%_HOME%\\Fichiers de ressources\\Tables de conversion\r\n\r\n[ModelOptions\\Cld\\ClssNamingOptions\\OOMPART\\Code]\r\nTemplate=\r\nMaxLen=254\r\nCase=M\r\nValidChar=&#39;a&#39;-&#39;z&#39;,&#39;A&#39;-&#39;Z&#39;,&#39;0&#39;-&#39;9&#39;,&quot;_&quot;\r\nInvldChar=&quot; +-*/!=&lt;&gt;&#39;&quot;&quot;().&quot;\r\nAllValid=Yes\r\nNoAccent=Yes\r\nDefaultChar=_\r\nScript=.convert_code(%Code%,&quot; &quot;)\r\nConvTable=\r\nConvTablePath=%_HOME%\\Fichiers de ressources\\Tables de conversion\r\n\r\n[ModelOptions\\Cld\\ClssNamingOptions\\CLDASSC]\r\n\r\n[ModelOptions\\Cld\\ClssNamingOptions\\CLDASSC\\Name]\r\nTemplate=\r\nMaxLen=254\r\nCase=M\r\nValidChar=\r\nInvldChar=\r\nAllValid=Yes\r\nNoAccent=No\r\nDefaultChar=_\r\nScript=.convert_name(%Name%,&quot;_&quot;)\r\nConvTable=\r\nConvTablePath=%_HOME%\\Fichiers de ressources\\Tables de conversion\r\n\r\n[ModelOptions\\Cld\\ClssNamingOptions\\CLDASSC\\Code]\r\nTemplate=\r\nMaxLen=254\r\nCase=M\r\nValidChar=&#39;a&#39;-&#39;z&#39;,&#39;A&#39;-&#39;Z&#39;,&#39;0&#39;-&#39;9&#39;,&quot;_&quot;\r\nInvldChar=&quot; +-*/!=&lt;&gt;&#39;&quot;&quot;().&quot;\r\nAllValid=Yes\r\nNoAccent=Yes\r\nDefaultChar=_\r\nScript=.convert_code(%Code%,&quot; &quot;)\r\nConvTable=\r\nConvTablePath=%_HOME%\\Fichiers de ressources\\Tables de conversion\r\n\r\n[ModelOptions\\Cld\\ClssNamingOptions\\UCDASSC]\r\n\r\n[ModelOptions\\Cld\\ClssNamingOptions\\UCDASSC\\Name]\r\nTemplate=\r\nMaxLen=254\r\nCase=M\r\nValidChar=\r\nInvldChar=\r\nAllValid=Yes\r\nNoAccent=No\r\nDefaultChar=_\r\nScript=.convert_name(%Name%,&quot;_&quot;)\r\nConvTable=\r\nConvTablePath=%_HOME%\\Fichiers de ressources\\Tables de conversion\r\n\r\n[ModelOptions\\Cld\\ClssNamingOptions\\UCDASSC\\Code]\r\nTemplate=\r\nMaxLen=254\r\nCase=M\r\nValidChar=&#39;a&#39;-&#39;z&#39;,&#39;A&#39;-&#39;Z&#39;,&#39;0&#39;-&#39;9&#39;,&quot;_&quot;\r\nInvldChar=&quot; +-*/!=&lt;&gt;&#39;&quot;&quot;().&quot;\r\nAllValid=Yes\r\nNoAccent=Yes\r\nDefaultChar=_\r\nScript=.convert_code(%Code%,&quot; &quot;)\r\nConvTable=\r\nConvTablePath=%_HOME%\\Fichiers de ressources\\Tables de conversion\r\n\r\n[ModelOptions\\Cld\\ClssNamingOptions\\GNRLLINK]\r\n\r\n[ModelOptions\\Cld\\ClssNamingOptions\\GNRLLINK\\Name]\r\nTemplate=\r\nMaxLen=254\r\nCase=M\r\nValidChar=\r\nInvldChar=\r\nAllValid=Yes\r\nNoAccent=No\r\nDefaultChar=_\r\nScript=.convert_name(%Name%,&quot;_&quot;)\r\nConvTable=\r\nConvTablePath=%_HOME%\\Fichiers de ressources\\Tables de conversion\r\n\r\n[ModelOptions\\Cld\\ClssNamingOptions\\GNRLLINK\\Code]\r\nTemplate=\r\nMaxLen=254\r\nCase=M\r\nValidChar=&#39;a&#39;-&#39;z&#39;,&#39;A&#39;-&#39;Z&#39;,&#39;0&#39;-&#39;9&#39;,&quot;_&quot;\r\nInvldChar=&quot; +-*/!=&lt;&gt;&#39;&quot;&quot;().&quot;\r\nAllValid=Yes\r\nNoAccent=Yes\r\nDefaultChar=_\r\nScript=.convert_code(%Code%,&quot; &quot;)\r\nConvTable=\r\nConvTablePath=%_HOME%\\Fichiers de ressources\\Tables de conversion\r\n\r\n[ModelOptions\\Cld\\ClssNamingOptions\\RQLINK]\r\n\r\n[ModelOptions\\Cld\\ClssNamingOptions\\RQLINK\\Name]\r\nTemplate=\r\nMaxLen=254\r\nCase=M\r\nValidChar=\r\nInvldChar=\r\nAllValid=Yes\r\nNoAccent=No\r\nDefaultChar=_\r\nScript=.convert_name(%Name%,&quot;_&quot;)\r\nConvTable=\r\nConvTablePath=%_HOME%\\Fichiers de ressources\\Tables de conversion\r\n\r\n[ModelOptions\\Cld\\ClssNamingOptions\\RQLINK\\Code]\r\nTemplate=\r\nMaxLen=254\r\nCase=M\r\nValidChar=&#39;a&#39;-&#39;z&#39;,&#39;A&#39;-&#39;Z&#39;,&#39;0&#39;-&#39;9&#39;,&quot;_&quot;\r\nInvldChar=&quot; +-*/!=&lt;&gt;&#39;&quot;&quot;().&quot;\r\nAllValid=Yes\r\nNoAccent=Yes\r\nDefaultChar=_\r\nScript=.convert_code(%Code%,&quot; &quot;)\r\nConvTable=\r\nConvTablePath=%_HOME%\\Fichiers de ressources\\Tables de conversion\r\n\r\n[ModelOptions\\Cld\\ClssNamingOptions\\RLZSLINK]\r\n\r\n[ModelOptions\\Cld\\ClssNamingOptions\\RLZSLINK\\Name]\r\nTemplate=\r\nMaxLen=254\r\nCase=M\r\nValidChar=\r\nInvldChar=\r\nAllValid=Yes\r\nNoAccent=No\r\nDefaultChar=_\r\nScript=.convert_name(%Name%,&quot;_&quot;)\r\nConvTable=\r\nConvTablePath=%_HOME%\\Fichiers de ressources\\Tables de conversion\r\n\r\n[ModelOptions\\Cld\\ClssNamingOptions\\RLZSLINK\\Code]\r\nTemplate=\r\nMaxLen=254\r\nCase=M\r\nValidChar=&#39;a&#39;-&#39;z&#39;,&#39;A&#39;-&#39;Z&#39;,&#39;0&#39;-&#39;9&#39;,&quot;_&quot;\r\nInvldChar=&quot; +-*/!=&lt;&gt;&#39;&quot;&quot;().&quot;\r\nAllValid=Yes\r\nNoAccent=Yes\r\nDefaultChar=_\r\nScript=.convert_code(%Code%,&quot; &quot;)\r\nConvTable=\r\nConvTablePath=%_HOME%\\Fichiers de ressources\\Tables de conversion\r\n\r\n[ModelOptions\\Cld\\ClssNamingOptions\\DEPDLINK]\r\n\r\n[ModelOptions\\Cld\\ClssNamingOptions\\DEPDLINK\\Name]\r\nTemplate=\r\nMaxLen=254\r\nCase=M\r\nValidChar=\r\nInvldChar=\r\nAllValid=Yes\r\nNoAccent=No\r\nDefaultChar=_\r\nScript=.convert_name(%Name%,&quot;_&quot;)\r\nConvTable=\r\nConvTablePath=%_HOME%\\Fichiers de ressources\\Tables de conversion\r\n\r\n[ModelOptions\\Cld\\ClssNamingOptions\\DEPDLINK\\Code]\r\nTemplate=\r\nMaxLen=254\r\nCase=M\r\nValidChar=&#39;a&#39;-&#39;z&#39;,&#39;A&#39;-&#39;Z&#39;,&#39;0&#39;-&#39;9&#39;,&quot;_&quot;\r\nInvldChar=&quot; +-*/!=&lt;&gt;&#39;&quot;&quot;().&quot;\r\nAllValid=Yes\r\nNoAccent=Yes\r\nDefaultChar=_\r\nScript=.convert_code(%Code%,&quot; &quot;)\r\nConvTable=\r\nConvTablePath=%_HOME%\\Fichiers de ressources\\Tables de conversion\r\n\r\n[ModelOptions\\Cld\\ClssNamingOptions\\OOMACTV]\r\n\r\n[ModelOptions\\Cld\\ClssNamingOptions\\OOMACTV\\Name]\r\nTemplate=\r\nMaxLen=254\r\nCase=M\r\nValidChar=\r\nInvldChar=\r\nAllValid=Yes\r\nNoAccent=No\r\nDefaultChar=_\r\nScript=.convert_name(%Name%,&quot;_&quot;)\r\nConvTable=\r\nConvTablePath=%_HOME%\\Fichiers de ressources\\Tables de conversion\r\n\r\n[ModelOptions\\Cld\\ClssNamingOptions\\OOMACTV\\Code]\r\nTemplate=\r\nMaxLen=254\r\nCase=M\r\nValidChar=&#39;a&#39;-&#39;z&#39;,&#39;A&#39;-&#39;Z&#39;,&#39;0&#39;-&#39;9&#39;,&quot;_&quot;\r\nInvldChar=&quot; +-*/!=&lt;&gt;&#39;&quot;&quot;().&quot;\r\nAllValid=Yes\r\nNoAccent=Yes\r\nDefaultChar=_\r\nScript=.convert_code(%Code%,&quot; &quot;)\r\nConvTable=\r\nConvTablePath=%_HOME%\\Fichiers de ressources\\Tables de conversion\r\n\r\n[ModelOptions\\Cld\\ClssNamingOptions\\ACDOBST]\r\n\r\n[ModelOptions\\Cld\\ClssNamingOptions\\ACDOBST\\Name]\r\nTemplate=\r\nMaxLen=254\r\nCase=M\r\nValidChar=\r\nInvldChar=\r\nAllValid=Yes\r\nNoAccent=No\r\nDefaultChar=_\r\nScript=.convert_name(%Name%,&quot;_&quot;)\r\nConvTable=\r\nConvTablePath=%_HOME%\\Fichiers de ressources\\Tables de conversion\r\n\r\n[ModelOptions\\Cld\\ClssNamingOptions\\ACDOBST\\Code]\r\nTemplate=\r\nMaxLen=254\r\nCase=M\r\nValidChar=&#39;a&#39;-&#39;z&#39;,&#39;A&#39;-&#39;Z&#39;,&#39;0&#39;-&#39;9&#39;,&quot;_&quot;\r\nInvldChar=&quot; +-*/!=&lt;&gt;&#39;&quot;&quot;().&quot;\r\nAllValid=Yes\r\nNoAccent=Yes\r\nDefaultChar=_\r\nScript=.convert_code(%Code%,&quot; &quot;)\r\nConvTable=\r\nConvTablePath=%_HOME%\\Fichiers de ressources\\Tables de conversion\r\n\r\n[ModelOptions\\Cld\\ClssNamingOptions\\STAT]\r\n\r\n[ModelOptions\\Cld\\ClssNamingOptions\\STAT\\Name]\r\nTemplate=\r\nMaxLen=254\r\nCase=M\r\nValidChar=\r\nInvldChar=\r\nAllValid=Yes\r\nNoAccent=No\r\nDefaultChar=_\r\nScript=.convert_name(%Name%,&quot;_&quot;)\r\nConvTable=\r\nConvTablePath=%_HOME%\\Fichiers de ressources\\Tables de conversion\r\n\r\n[ModelOptions\\Cld\\ClssNamingOptions\\STAT\\Code]\r\nTemplate=\r\nMaxLen=254\r\nCase=M\r\nValidChar=&#39;a&#39;-&#39;z&#39;,&#39;A&#39;-&#39;Z&#39;,&#39;0&#39;-&#39;9&#39;,&quot;_&quot;\r\nInvldChar=&quot; +-*/!=&lt;&gt;&#39;&quot;&quot;().&quot;\r\nAllValid=Yes\r\nNoAccent=Yes\r\nDefaultChar=_\r\nScript=.convert_code(%Code%,&quot; &quot;)\r\nConvTable=\r\nConvTablePath=%_HOME%\\Fichiers de ressources\\Tables de conversion\r\n\r\n[ModelOptions\\Cld\\ClssNamingOptions\\DPDNODE]\r\n\r\n[ModelOptions\\Cld\\ClssNamingOptions\\DPDNODE\\Name]\r\nTemplate=\r\nMaxLen=254\r\nCase=M\r\nValidChar=\r\nInvldChar=\r\nAllValid=Yes\r\nNoAccent=No\r\nDefaultChar=_\r\nScript=.convert_name(%Name%,&quot;_&quot;)\r\nConvTable=\r\nConvTablePath=%_HOME%\\Fichiers de ressources\\Tables de conversion\r\n\r\n[ModelOptions\\Cld\\ClssNamingOptions\\DPDNODE\\Code]\r\nTemplate=\r\nMaxLen=254\r\nCase=M\r\nValidChar=&#39;a&#39;-&#39;z&#39;,&#39;A&#39;-&#39;Z&#39;,&#39;0&#39;-&#39;9&#39;,&quot;_&quot;\r\nInvldChar=&quot; +-*/!=&lt;&gt;&#39;&quot;&quot;().&quot;\r\nAllValid=Yes\r\nNoAccent=Yes\r\nDefaultChar=_\r\nScript=.convert_code(%Code%,&quot; &quot;)\r\nConvTable=\r\nConvTablePath=%_HOME%\\Fichiers de ressources\\Tables de conversion\r\n\r\n[ModelOptions\\Cld\\ClssNamingOptions\\DPDCMPI]\r\n\r\n[ModelOptions\\Cld\\ClssNamingOptions\\DPDCMPI\\Name]\r\nTemplate=\r\nMaxLen=254\r\nCase=M\r\nValidChar=\r\nInvldChar=\r\nAllValid=Yes\r\nNoAccent=No\r\nDefaultChar=_\r\nScript=.convert_name(%Name%,&quot;_&quot;)\r\nConvTable=\r\nConvTablePath=%_HOME%\\Fichiers de ressources\\Tables de conversion\r\n\r\n[ModelOptions\\Cld\\ClssNamingOptions\\DPDCMPI\\Code]\r\nTemplate=\r\nMaxLen=254\r\nCase=M\r\nValidChar=&#39;a&#39;-&#39;z&#39;,&#39;A&#39;-&#39;Z&#39;,&#39;0&#39;-&#39;9&#39;,&quot;_&quot;\r\nInvldChar=&quot; +-*/!=&lt;&gt;&#39;&quot;&quot;().&quot;\r\nAllValid=Yes\r\nNoAccent=Yes\r\nDefaultChar=_\r\nScript=.convert_code(%Code%,&quot; &quot;)\r\nConvTable=\r\nConvTablePath=%_HOME%\\Fichiers de ressources\\Tables de conversion\r\n\r\n[ModelOptions\\Cld\\ClssNamingOptions\\DPDASSC]\r\n\r\n[ModelOptions\\Cld\\ClssNamingOptions\\DPDASSC\\Name]\r\nTemplate=\r\nMaxLen=254\r\nCase=M\r\nValidChar=\r\nInvldChar=\r\nAllValid=Yes\r\nNoAccent=No\r\nDefaultChar=_\r\nScript=.convert_name(%Name%,&quot;_&quot;)\r\nConvTable=\r\nConvTablePath=%_HOME%\\Fichiers de ressources\\Tables de conversion\r\n\r\n[ModelOptions\\Cld\\ClssNamingOptions\\DPDASSC\\Code]\r\nTemplate=\r\nMaxLen=254\r\nCase=M\r\nValidChar=&#39;a&#39;-&#39;z&#39;,&#39;A&#39;-&#39;Z&#39;,&#39;0&#39;-&#39;9&#39;,&quot;_&quot;\r\nInvldChar=&quot; +-*/!=&lt;&gt;&#39;&quot;&quot;().&quot;\r\nAllValid=Yes\r\nNoAccent=Yes\r\nDefaultChar=_\r\nScript=.convert_code(%Code%,&quot; &quot;)\r\nConvTable=\r\nConvTablePath=%_HOME%\\Fichiers de ressources\\Tables de conversion\r\n\r\n[ModelOptions\\Cld\\ClssNamingOptions\\OOMVAR]\r\n\r\n[ModelOptions\\Cld\\ClssNamingOptions\\OOMVAR\\Name]\r\nTemplate=\r\nMaxLen=254\r\nCase=M\r\nValidChar=\r\nInvldChar=\r\nAllValid=Yes\r\nNoAccent=No\r\nDefaultChar=_\r\nScript=.convert_name(%Name%,&quot;_&quot;)\r\nConvTable=\r\nConvTablePath=%_HOME%\\Fichiers de ressources\\Tables de conversion\r\n\r\n[ModelOptions\\Cld\\ClssNamingOptions\\OOMVAR\\Code]\r\nTemplate=\r\nMaxLen=254\r\nCase=M\r\nValidChar=&#39;a&#39;-&#39;z&#39;,&#39;A&#39;-&#39;Z&#39;,&#39;0&#39;-&#39;9&#39;,&quot;_&quot;\r\nInvldChar=&quot; +-*/!=&lt;&gt;&#39;&quot;&quot;().&quot;\r\nAllValid=Yes\r\nNoAccent=Yes\r\nDefaultChar=_\r\nScript=.convert_code(%Code%,&quot; &quot;)\r\nConvTable=\r\nConvTablePath=%_HOME%\\Fichiers de ressources\\Tables de conversion\r\n\r\n[ModelOptions\\Cld\\ClssNamingOptions\\FILO]\r\n\r\n[ModelOptions\\Cld\\ClssNamingOptions\\FILO\\Name]\r\nTemplate=\r\nMaxLen=254\r\nCase=M\r\nValidChar=\r\nInvldChar=&quot;\\/:*?&lt;&gt;|&quot;\r\nAllValid=Yes\r\nNoAccent=No\r\nDefaultChar=_\r\nScript=.convert_name(%Name%,&quot;_&quot;)\r\nConvTable=\r\nConvTablePath=%_HOME%\\Fichiers de ressources\\Tables de conversion\r\n\r\n[ModelOptions\\Cld\\ClssNamingOptions\\FILO\\Code]\r\nTemplate=\r\nMaxLen=254\r\nCase=M\r\nValidChar=&#39;a&#39;-&#39;z&#39;,&#39;A&#39;-&#39;Z&#39;,&#39;0&#39;-&#39;9&#39;,&quot;_. &quot;\r\nInvldChar=&quot; +-*/!=&lt;&gt;&#39;&quot;&quot;().&quot;\r\nAllValid=Yes\r\nNoAccent=Yes\r\nDefaultChar=_\r\nScript=.convert_code(%Code%,&quot; &quot;)\r\nConvTable=\r\nConvTablePath=%_HOME%\\Fichiers de ressources\\Tables de conversion\r\n\r\n[ModelOptions\\Cld\\ClssNamingOptions\\FRMEOBJ]\r\n\r\n[ModelOptions\\Cld\\ClssNamingOptions\\FRMEOBJ\\Name]\r\nTemplate=\r\nMaxLen=254\r\nCase=M\r\nValidChar=\r\nInvldChar=\r\nAllValid=Yes\r\nNoAccent=No\r\nDefaultChar=_\r\nScript=.convert_name(%Name%,&quot;_&quot;)\r\nConvTable=\r\nConvTablePath=%_HOME%\\Fichiers de ressources\\Tables de conversion\r\n\r\n[ModelOptions\\Cld\\ClssNamingOptions\\FRMEOBJ\\Code]\r\nTemplate=\r\nMaxLen=254\r\nCase=M\r\nValidChar=&#39;a&#39;-&#39;z&#39;,&#39;A&#39;-&#39;Z&#39;,&#39;0&#39;-&#39;9&#39;,&quot;_&quot;\r\nInvldChar=&quot; +-*/!=&lt;&gt;&#39;&quot;&quot;().&quot;\r\nAllValid=Yes\r\nNoAccent=Yes\r\nDefaultChar=_\r\nScript=.convert_code(%Code%,&quot; &quot;)\r\nConvTable=\r\nConvTablePath=%_HOME%\\Fichiers de ressources\\Tables de conversion\r\n\r\n[ModelOptions\\Cld\\ClssNamingOptions\\FRMELNK]\r\n\r\n[ModelOptions\\Cld\\ClssNamingOptions\\FRMELNK\\Name]\r\nTemplate=\r\nMaxLen=254\r\nCase=M\r\nValidChar=\r\nInvldChar=\r\nAllValid=Yes\r\nNoAccent=No\r\nDefaultChar=_\r\nScript=.convert_name(%Name%,&quot;_&quot;)\r\nConvTable=\r\nConvTablePath=%_HOME%\\Fichiers de ressources\\Tables de conversion\r\n\r\n[ModelOptions\\Cld\\ClssNamingOptions\\FRMELNK\\Code]\r\nTemplate=\r\nMaxLen=254\r\nCase=M\r\nValidChar=&#39;a&#39;-&#39;z&#39;,&#39;A&#39;-&#39;Z&#39;,&#39;0&#39;-&#39;9&#39;,&quot;_&quot;\r\nInvldChar=&quot; +-*/!=&lt;&gt;&#39;&quot;&quot;().&quot;\r\nAllValid=Yes\r\nNoAccent=Yes\r\nDefaultChar=_\r\nScript=.convert_code(%Code%,&quot; &quot;)\r\nConvTable=\r\nConvTablePath=%_HOME%\\Fichiers de ressources\\Tables de conversion\r\n\r\n[ModelOptions\\Cld\\ClssNamingOptions\\DefaultClass]\r\n\r\n[ModelOptions\\Cld\\ClssNamingOptions\\DefaultClass\\Name]\r\nTemplate=\r\nMaxLen=254\r\nCase=M\r\nValidChar=\r\nInvldChar=\r\nAllValid=Yes\r\nNoAccent=No\r\nDefaultChar=_\r\nScript=.convert_name(%Name%,&quot;_&quot;)\r\nConvTable=\r\nConvTablePath=%_HOME%\\Fichiers de ressources\\Tables de conversion\r\n\r\n[ModelOptions\\Cld\\ClssNamingOptions\\DefaultClass\\Code]\r\nTemplate=\r\nMaxLen=254\r\nCase=M\r\nValidChar=&#39;a&#39;-&#39;z&#39;,&#39;A&#39;-&#39;Z&#39;,&#39;0&#39;-&#39;9&#39;,&quot;_&quot;\r\nInvldChar=&quot; +-*/!=&lt;&gt;&#39;&quot;&quot;().&quot;\r\nAllValid=Yes\r\nNoAccent=Yes\r\nDefaultChar=_\r\nScript=.convert_code(%Code%,&quot; &quot;)\r\nConvTable=\r\nConvTablePath=%_HOME%\\Fichiers de ressources\\Tables de conversion\r\n\r\n[ModelOptions\\Generate]\r\n\r\n[ModelOptions\\Generate\\Cdm]\r\nCheckModel=Yes\r\nSaveLinks=Yes\r\nNameToCode=No\r\nNotation=2\r\n\r\n[ModelOptions\\Generate\\Pdm]\r\nCheckModel=Yes\r\nSaveLinks=Yes\r\nORMapping=No\r\nNameToCode=No\r\nBuildTrgr=No\r\nTablePrefix=\r\nRefrUpdRule=RESTRICT\r\nRefrDelRule=RESTRICT\r\nIndxPKName=%TABLE%_PK\r\nIndxAKName=%TABLE%_AK\r\nIndxFKName=%REFR%_FK\r\nIndxThreshold=\r\nColnFKName=%.3:PARENT%_%COLUMN%\r\nColnFKNameUse=No\r\n\r\n[ModelOptions\\Generate\\Xsm]\r\nCheckModel=Yes\r\nSaveLinks=Yes\r\nORMapping=No\r\nNameToCode=No</a:ModelOptionsText>\r\n<c:ObjectLanguage>\r\n<o:Shortcut Id=\"o3\">\r\n<a:ObjectID>B609B7AD-3B36-4D8E-8913-7EACF3323D5C</a:ObjectID>\r\n<a:Name>Analyse</a:Name>\r\n<a:Code>Analysis</a:Code>\r\n<a:CreationDate>1436519924</a:CreationDate>\r\n<a:Creator>sngos</a:Creator>\r\n<a:ModificationDate>1436519924</a:ModificationDate>\r\n<a:Modifier>sngos</a:Modifier>\r\n<a:TargetStereotype/>\r\n<a:TargetID>87317290-AF03-469F-BC1E-99593F18A4AB</a:TargetID>\r\n<a:TargetClassID>1811206C-1A4B-11D1-83D9-444553540000</a:TargetClassID>\r\n</o:Shortcut>\r\n</c:ObjectLanguage>\r\n<c:ClassDiagrams>\r\n<o:ClassDiagram Id=\"o4\">\r\n<a:ObjectID>90C03666-4111-48EF-8309-2AF17B191608</a:ObjectID>\r\n<a:Name>DiagrammeClasses_1</a:Name>\r\n<a:Code>DiagrammeClasses_1</a:Code>\r\n<a:CreationDate>1436519925</a:CreationDate>\r\n<a:Creator>sngos</a:Creator>\r\n<a:ModificationDate>1437407130</a:ModificationDate>\r\n<a:Modifier>sngos</a:Modifier>\r\n<a:DisplayPreferences>[DisplayPreferences]\r\n\r\n[DisplayPreferences\\CLD]\r\n\r\n[DisplayPreferences\\General]\r\nAdjust to text=Yes\r\nSnap Grid=No\r\nConstrain Labels=Yes\r\nDisplay Grid=No\r\nShow Page Delimiter=Yes\r\nGrid size=0\r\nGraphic unit=2\r\nWindow color=255, 255, 255\r\nBackground image=\r\nBackground mode=8\r\nWatermark image=\r\nWatermark mode=8\r\nShow watermark on screen=No\r\nGradient mode=0\r\nGradient end color=255, 255, 255\r\nShow Swimlane=No\r\nSwimlaneVert=Yes\r\nTreeVert=No\r\nCompDark=0\r\n\r\n[DisplayPreferences\\Object]\r\nMode=0\r\nTrunc Length=80\r\nWord Length=80\r\nWord Text=!&quot;&quot;#$%&amp;&#39;()*+,-./:;&lt;=&gt;?@[\\]^_`{|}~\r\nShortcut IntIcon=Yes\r\nShortcut IntLoct=Yes\r\nShortcut IntFullPath=No\r\nShortcut IntLastPackage=Yes\r\nShortcut ExtIcon=Yes\r\nShortcut ExtLoct=No\r\nShortcut ExtFullPath=No\r\nShortcut ExtLastPackage=Yes\r\nShortcut ExtIncludeModl=Yes\r\nEObjShowStrn=Yes\r\nExtendedObject.Comment=No\r\nExtendedObject.IconPicture=No\r\nExtendedObject_SymbolLayout=\r\nELnkShowStrn=Yes\r\nELnkShowName=Yes\r\nExtendedLink_SymbolLayout=\r\nFileObject.Stereotype=No\r\nFileObject.DisplayName=Yes\r\nFileObject.LocationOrName=No\r\nFileObject.IconPicture=No\r\nFileObject.IconMode=Yes\r\nFileObject_SymbolLayout=\r\nPckgShowStrn=Yes\r\nPackage.Comment=No\r\nPackage.IconPicture=No\r\nPackage_SymbolLayout=\r\nDisplay Model Version=Yes\r\nClass.IconPicture=No\r\nClass_SymbolLayout=\r\nInterface.IconPicture=No\r\nInterface_SymbolLayout=\r\nPort.IconPicture=No\r\nPort_SymbolLayout=\r\nClssShowSttr=Yes\r\nClass.Comment=No\r\nClssShowCntr=Yes\r\nClssShowAttr=Yes\r\nClssAttrTrun=No\r\nClssAttrMax=3\r\nClssShowMthd=Yes\r\nClssMthdTrun=No\r\nClssMthdMax=3\r\nClssShowInnr=Yes\r\nIntfShowSttr=Yes\r\nInterface.Comment=No\r\nIntfShowAttr=Yes\r\nIntfAttrTrun=No\r\nIntfAttrMax=3\r\nIntfShowMthd=Yes\r\nIntfMthdTrun=No\r\nIntfMthdMax=3\r\nIntfShowCntr=Yes\r\nIntfShowInnr=Yes\r\nPortShowName=Yes\r\nPortShowType=No\r\nPortShowMult=No\r\nAttrShowVisi=Yes\r\nAttrVisiFmt=1\r\nAttrShowStrn=Yes\r\nAttrShowDttp=Yes\r\nAttrShowDomn=No\r\nAttrShowInit=Yes\r\nMthdShowVisi=Yes\r\nMthdVisiFmt=1\r\nMthdShowStrn=Yes\r\nMthdShowRttp=Yes\r\nMthdShowParm=Yes\r\nAsscShowName=No\r\nAsscShowCntr=Yes\r\nAsscShowRole=Yes\r\nAsscShowOrdr=Yes\r\nAsscShowMult=Yes\r\nAsscMultStr=Yes\r\nAsscShowStrn=No\r\nGnrlShowName=No\r\nGnrlShowStrn=Yes\r\nGnrlShowCntr=Yes\r\nRlzsShowName=No\r\nRlzsShowStrn=Yes\r\nRlzsShowCntr=Yes\r\nDepdShowName=No\r\nDepdShowStrn=Yes\r\nDepdShowCntr=Yes\r\nRqlkShowName=No\r\nRqlkShowStrn=Yes\r\nRqlkShowCntr=Yes\r\n\r\n[DisplayPreferences\\Symbol]\r\n\r\n[DisplayPreferences\\Symbol\\FRMEOBJ]\r\nSTRNFont=Arial,8,N\r\nSTRNFont color=0, 0, 0\r\nDISPNAMEFont=Arial,8,N\r\nDISPNAMEFont color=0, 0, 0\r\nLABLFont=Arial,8,N\r\nLABLFont color=0, 0, 0\r\nAutoAdjustToText=Yes\r\nKeep aspect=No\r\nKeep center=No\r\nKeep size=No\r\nWidth=6000\r\nHeight=2000\r\nBrush color=255 255 255\r\nFill Color=Yes\r\nBrush style=6\r\nBrush bitmap mode=12\r\nBrush gradient mode=64\r\nBrush gradient color=192 192 192\r\nBrush background image=\r\nCustom shape=\r\nCustom text mode=0\r\nPen=1 0 255 128 128\r\nShadow color=192 192 192\r\nShadow=0\r\n\r\n[DisplayPreferences\\Symbol\\FRMELNK]\r\nCENTERFont=Arial,8,N\r\nCENTERFont color=0, 0, 0\r\nLine style=2\r\nAutoAdjustToText=Yes\r\nKeep aspect=No\r\nKeep center=No\r\nKeep size=No\r\nBrush color=255 255 255\r\nFill Color=Yes\r\nBrush style=1\r\nBrush bitmap mode=12\r\nBrush gradient mode=0\r\nBrush gradient color=118 118 118\r\nBrush background image=\r\nCustom shape=\r\nCustom text mode=0\r\nPen=1 0 128 128 255\r\nShadow color=192 192 192\r\nShadow=0\r\n\r\n[DisplayPreferences\\Symbol\\FILO]\r\nOBJSTRNFont=Arial,8,N\r\nOBJSTRNFont color=0, 0, 0\r\nDISPNAMEFont=Arial,8,N\r\nDISPNAMEFont color=0, 0, 0\r\nLCNMFont=Arial,8,N\r\nLCNMFont color=0, 0, 0\r\nAutoAdjustToText=Yes\r\nKeep aspect=Yes\r\nKeep center=Yes\r\nKeep size=No\r\nWidth=2400\r\nHeight=2400\r\nBrush color=255 255 255\r\nFill Color=No\r\nBrush style=1\r\nBrush bitmap mode=12\r\nBrush gradient mode=0\r\nBrush gradient color=118 118 118\r\nBrush background image=\r\nCustom shape=\r\nCustom text mode=0\r\nPen=1 0 0 0 255\r\nShadow color=192 192 192\r\nShadow=-1\r\n\r\n[DisplayPreferences\\Symbol\\CLDPCKG]\r\nSTRNFont=Arial,8,N\r\nSTRNFont color=0 0 0\r\nDISPNAMEFont=Arial,8,N\r\nDISPNAMEFont color=0 0 0\r\nLABLFont=Arial,8,N\r\nLABLFont color=0 0 0\r\nAutoAdjustToText=Yes\r\nKeep aspect=No\r\nKeep center=No\r\nKeep size=No\r\nWidth=4800\r\nHeight=3600\r\nBrush color=255 255 192\r\nFill Color=Yes\r\nBrush style=6\r\nBrush bitmap mode=12\r\nBrush gradient mode=65\r\nBrush gradient color=255 255 255\r\nBrush background image=\r\nCustom shape=\r\nCustom text mode=0\r\nPen=1 0 178 178 178\r\nShadow color=192 192 192\r\nShadow=0\r\n\r\n[DisplayPreferences\\Symbol\\CLDCLASS]\r\nSTRNFont=Arial,8,N\r\nSTRNFont color=0 0 0\r\nDISPNAMEFont=Arial,8,N\r\nDISPNAMEFont color=0 0 0\r\nCNTRFont=Arial,8,N\r\nCNTRFont color=0 0 0\r\nAttributesFont=Arial,8,N\r\nAttributesFont color=0 0 0\r\nClassPrimaryAttributeFont=Arial,8,U\r\nClassPrimaryAttributeFont color=0 0 0\r\nOperationsFont=Arial,8,N\r\nOperationsFont color=0 0 0\r\nInnerClassifiersFont=Arial,8,N\r\nInnerClassifiersFont color=0 0 0\r\nLABLFont=Arial,8,N\r\nLABLFont color=0 0 0\r\nAutoAdjustToText=Yes\r\nKeep aspect=No\r\nKeep center=No\r\nKeep size=No\r\nWidth=4800\r\nHeight=3600\r\nBrush color=233 202 131\r\nFill Color=Yes\r\nBrush style=6\r\nBrush bitmap mode=12\r\nBrush gradient mode=65\r\nBrush gradient color=255 255 255\r\nBrush background image=\r\nCustom shape=\r\nCustom text mode=0\r\nPen=1 0 128 0 0\r\nShadow color=192 192 192\r\nShadow=0\r\n\r\n[DisplayPreferences\\Symbol\\CLDINTF]\r\nSTRNFont=Arial,8,N\r\nSTRNFont color=0 0 0\r\nDISPNAMEFont=Arial,8,N\r\nDISPNAMEFont color=0 0 0\r\nCNTRFont=Arial,8,N\r\nCNTRFont color=0 0 0\r\nAttributesFont=Arial,8,N\r\nAttributesFont color=0 0 0\r\nOperationsFont=Arial,8,N\r\nOperationsFont color=0 0 0\r\nInnerClassifiersFont=Arial,8,N\r\nInnerClassifiersFont color=0 0 0\r\nLABLFont=Arial,8,N\r\nLABLFont color=0 0 0\r\nAutoAdjustToText=Yes\r\nKeep aspect=No\r\nKeep center=No\r\nKeep size=No\r\nWidth=4800\r\nHeight=3600\r\nBrush color=205 156 156\r\nFill Color=Yes\r\nBrush style=6\r\nBrush bitmap mode=12\r\nBrush gradient mode=65\r\nBrush gradient color=255 255 255\r\nBrush background image=\r\nCustom shape=\r\nCustom text mode=0\r\nPen=1 0 128 0 0\r\nShadow color=192 192 192\r\nShadow=0\r\n\r\n[DisplayPreferences\\Symbol\\OOMPORT]\r\nDISPNAMEFont=Arial,8,N\r\nDISPNAMEFont color=0 0 0\r\nAutoAdjustToText=No\r\nKeep aspect=No\r\nKeep center=No\r\nKeep size=No\r\nWidth=825\r\nHeight=800\r\nBrush color=250 241 211\r\nFill Color=Yes\r\nBrush style=6\r\nBrush bitmap mode=12\r\nBrush gradient mode=65\r\nBrush gradient color=255 255 255\r\nBrush background image=\r\nCustom shape=\r\nCustom text mode=0\r\nPen=1 0 128 64 0\r\nShadow color=192 192 192\r\nShadow=0\r\n\r\n[DisplayPreferences\\Symbol\\CLDASSC]\r\nDISPNAMEFont=Arial,8,N\r\nDISPNAMEFont color=0 0 0\r\nMULAFont=Arial,8,N\r\nMULAFont color=0 0 0\r\nLine style=2\r\nPen=1 0 128 0 64\r\nShadow color=192 192 192\r\nShadow=0\r\n\r\n[DisplayPreferences\\Symbol\\INNERLINK]\r\nLine style=2\r\nPen=1 0 128 0 64\r\nShadow color=192 192 192\r\nShadow=0\r\n\r\n[DisplayPreferences\\Symbol\\CLDACLK]\r\nLine style=2\r\nPen=2 0 128 0 64\r\nShadow color=192 192 192\r\nShadow=0\r\n\r\n[DisplayPreferences\\Symbol\\GNRLLINK]\r\nDISPNAMEFont=Arial,8,N\r\nDISPNAMEFont color=0 0 0\r\nLine style=2\r\nPen=1 0 128 0 64\r\nShadow color=192 192 192\r\nShadow=0\r\n\r\n[DisplayPreferences\\Symbol\\RLZSLINK]\r\nDISPNAMEFont=Arial,8,N\r\nDISPNAMEFont color=0 0 0\r\nLine style=2\r\nPen=3 0 128 0 64\r\nShadow color=192 192 192\r\nShadow=0\r\n\r\n[DisplayPreferences\\Symbol\\RQLINK]\r\nDISPNAMEFont=Arial,8,N\r\nDISPNAMEFont color=0 0 0\r\nLine style=2\r\nPen=1 0 128 0 64\r\nShadow color=192 192 192\r\nShadow=0\r\n\r\n[DisplayPreferences\\Symbol\\DEPDLINK]\r\nDISPNAMEFont=Arial,8,N\r\nDISPNAMEFont color=0 0 0\r\nLine style=2\r\nPen=2 0 128 0 64\r\nShadow color=192 192 192\r\nShadow=0\r\n\r\n[DisplayPreferences\\Symbol\\USRDEPD]\r\nOBJXSTRFont=Arial,8,N\r\nOBJXSTRFont color=0 0 0\r\nLine style=2\r\nAutoAdjustToText=Yes\r\nKeep aspect=No\r\nKeep center=No\r\nKeep size=No\r\nBrush color=255 255 255\r\nFill Color=Yes\r\nBrush style=1\r\nBrush bitmap mode=12\r\nBrush gradient mode=0\r\nBrush gradient color=118 118 118\r\nBrush background image=\r\nCustom shape=\r\nCustom text mode=0\r\nPen=2 0 128 0 64\r\nShadow color=192 192 192\r\nShadow=0\r\n\r\n[DisplayPreferences\\Symbol\\Free Symbol]\r\nFree TextFont=Arial,8,N\r\nFree TextFont color=0 0 0\r\nLine style=2\r\nAutoAdjustToText=Yes\r\nKeep aspect=No\r\nKeep center=No\r\nKeep size=No\r\nBrush color=255 255 255\r\nFill Color=Yes\r\nBrush style=1\r\nBrush bitmap mode=12\r\nBrush gradient mode=0\r\nBrush gradient color=118 118 118\r\nBrush background image=\r\nCustom shape=\r\nCustom text mode=0\r\nPen=1 0 128 64 0\r\nShadow color=192 192 192\r\nShadow=0</a:DisplayPreferences>\r\n<a:PaperSize>(8268, 11693)</a:PaperSize>\r\n<a:PageMargins>((315,354), (433,354))</a:PageMargins>\r\n<a:PageOrientation>1</a:PageOrientation>\r\n<a:PaperSource>15</a:PaperSource>\r\n<c:Symbols>\r\n<o:AssociationSymbol Id=\"o5\">\r\n<a:CreationDate>1436520072</a:CreationDate>\r\n<a:ModificationDate>1437406205</a:ModificationDate>\r\n<a:Rect>((3567,-14757), (8402,2827))</a:Rect>\r\n<a:ListOfPoints>((5591,-14757),(5591,-4269),(6528,-4269),(6528,2827))</a:ListOfPoints>\r\n<a:CornerStyle>2</a:CornerStyle>\r\n<a:ArrowStyle>3592</a:ArrowStyle>\r\n<a:LineColor>4194432</a:LineColor>\r\n<a:ShadowColor>12632256</a:ShadowColor>\r\n<a:FontList>DISPNAME 0 Arial,8,N\r\nMULA 0 Arial,8,N</a:FontList>\r\n<c:SourceSymbol>\r\n<o:ClassSymbol Ref=\"o6\"/>\r\n</c:SourceSymbol>\r\n<c:DestinationSymbol>\r\n<o:ClassSymbol Ref=\"o7\"/>\r\n</c:DestinationSymbol>\r\n<c:Object>\r\n<o:Association Ref=\"o8\"/>\r\n</c:Object>\r\n</o:AssociationSymbol>\r\n<o:AssociationSymbol Id=\"o9\">\r\n<a:CreationDate>1436523608</a:CreationDate>\r\n<a:ModificationDate>1436803360</a:ModificationDate>\r\n<a:Rect>((-20984,-30614), (4301,-16091))</a:Rect>\r\n<a:ListOfPoints>((-18960,-30614),(-18960,-16092),(4301,-16092))</a:ListOfPoints>\r\n<a:CornerStyle>2</a:CornerStyle>\r\n<a:ArrowStyle>8</a:ArrowStyle>\r\n<a:LineColor>4194432</a:LineColor>\r\n<a:ShadowColor>12632256</a:ShadowColor>\r\n<a:FontList>DISPNAME 0 Arial,8,N\r\nMULA 0 Arial,8,N</a:FontList>\r\n<c:SourceSymbol>\r\n<o:ClassSymbol Ref=\"o10\"/>\r\n</c:SourceSymbol>\r\n<c:DestinationSymbol>\r\n<o:ClassSymbol Ref=\"o6\"/>\r\n</c:DestinationSymbol>\r\n<c:Object>\r\n<o:Association Ref=\"o11\"/>\r\n</c:Object>\r\n</o:AssociationSymbol>\r\n<o:AssociationClassLinkSymbol Id=\"o12\">\r\n<a:CreationDate>1436523641</a:CreationDate>\r\n<a:ModificationDate>1436803384</a:ModificationDate>\r\n<a:Rect>((-18960,-23673), (-6337,-16092))</a:Rect>\r\n<a:ListOfPoints>((-18960,-16092),(-18960,-23673),(-6337,-23673))</a:ListOfPoints>\r\n<a:CornerStyle>2</a:CornerStyle>\r\n<a:ArrowStyle>0</a:ArrowStyle>\r\n<a:LineColor>4194432</a:LineColor>\r\n<a:DashStyle>2</a:DashStyle>\r\n<a:ShadowColor>12632256</a:ShadowColor>\r\n<c:SourceSymbol>\r\n<o:AssociationSymbol Ref=\"o9\"/>\r\n</c:SourceSymbol>\r\n<c:DestinationSymbol>\r\n<o:ClassSymbol Ref=\"o13\"/>\r\n</c:DestinationSymbol>\r\n<c:Object>\r\n<o:AssociationClassLink Ref=\"o14\"/>\r\n</c:Object>\r\n</o:AssociationClassLinkSymbol>\r\n<o:AssociationSymbol Id=\"o15\">\r\n<a:CreationDate>1436528372</a:CreationDate>\r\n<a:ModificationDate>1437407253</a:ModificationDate>\r\n<a:Rect>((12477,5455), (17307,24965))</a:Rect>\r\n<a:ListOfPoints>((12477,23791),(17307,23791),(17307,5455))</a:ListOfPoints>\r\n<a:CornerStyle>2</a:CornerStyle>\r\n<a:ArrowStyle>8</a:ArrowStyle>\r\n<a:LineColor>4194432</a:LineColor>\r\n<a:ShadowColor>12632256</a:ShadowColor>\r\n<a:FontList>DISPNAME 0 Arial,8,N\r\nMULA 0 Arial,8,N</a:FontList>\r\n<c:SourceSymbol>\r\n<o:ClassSymbol Ref=\"o16\"/>\r\n</c:SourceSymbol>\r\n<c:DestinationSymbol>\r\n<o:ClassSymbol Ref=\"o17\"/>\r\n</c:DestinationSymbol>\r\n<c:Object>\r\n<o:Association Ref=\"o18\"/>\r\n</c:Object>\r\n</o:AssociationSymbol>\r\n<o:AssociationClassLinkSymbol Id=\"o19\">\r\n<a:CreationDate>1436528429</a:CreationDate>\r\n<a:ModificationDate>1436803316</a:ModificationDate>\r\n<a:Rect>((17307,23791), (19812,33388))</a:Rect>\r\n<a:ListOfPoints>((17307,23791),(19812,23791),(19812,33388))</a:ListOfPoints>\r\n<a:CornerStyle>2</a:CornerStyle>\r\n<a:ArrowStyle>0</a:ArrowStyle>\r\n<a:LineColor>4194432</a:LineColor>\r\n<a:DashStyle>2</a:DashStyle>\r\n<a:ShadowColor>12632256</a:ShadowColor>\r\n<c:SourceSymbol>\r\n<o:AssociationSymbol Ref=\"o15\"/>\r\n</c:SourceSymbol>\r\n<c:DestinationSymbol>\r\n<o:ClassSymbol Ref=\"o20\"/>\r\n</c:DestinationSymbol>\r\n<c:Object>\r\n<o:AssociationClassLink Ref=\"o21\"/>\r\n</c:Object>\r\n</o:AssociationClassLinkSymbol>\r\n<o:AssociationSymbol Id=\"o22\">\r\n<a:CreationDate>1436528591</a:CreationDate>\r\n<a:ModificationDate>1437407253</a:ModificationDate>\r\n<a:Rect>((5596,6740), (11053,25352))</a:Rect>\r\n<a:ListOfPoints>((9029,25352),(9029,15136),(7470,15136),(7470,6740))</a:ListOfPoints>\r\n<a:CornerStyle>2</a:CornerStyle>\r\n<a:ArrowStyle>8</a:ArrowStyle>\r\n<a:LineColor>4194432</a:LineColor>\r\n<a:ShadowColor>12632256</a:ShadowColor>\r\n<a:FontList>DISPNAME 0 Arial,8,N\r\nMULA 0 Arial,8,N</a:FontList>\r\n<c:SourceSymbol>\r\n<o:ClassSymbol Ref=\"o16\"/>\r\n</c:SourceSymbol>\r\n<c:DestinationSymbol>\r\n<o:ClassSymbol Ref=\"o7\"/>\r\n</c:DestinationSymbol>\r\n<c:Object>\r\n<o:Association Ref=\"o23\"/>\r\n</c:Object>\r\n</o:AssociationSymbol>\r\n<o:AssociationSymbol Id=\"o24\">\r\n<a:CreationDate>1436543777</a:CreationDate>\r\n<a:ModificationDate>1437406217</a:ModificationDate>\r\n<a:Rect>((-12284,-15483), (8436,-1234))</a:Rect>\r\n<a:ListOfPoints>((-12284,-1234),(-12284,-14310),(8436,-14310))</a:ListOfPoints>\r\n<a:CornerStyle>2</a:CornerStyle>\r\n<a:ArrowStyle>3592</a:ArrowStyle>\r\n<a:LineColor>4194432</a:LineColor>\r\n<a:ShadowColor>12632256</a:ShadowColor>\r\n<a:FontList>DISPNAME 0 Arial,8,N\r\nMULA 0 Arial,8,N</a:FontList>\r\n<c:SourceSymbol>\r\n<o:ClassSymbol Ref=\"o25\"/>\r\n</c:SourceSymbol>\r\n<c:DestinationSymbol>\r\n<o:ClassSymbol Ref=\"o6\"/>\r\n</c:DestinationSymbol>\r\n<c:Object>\r\n<o:Association Ref=\"o26\"/>\r\n</c:Object>\r\n</o:AssociationSymbol>\r\n<o:AssociationSymbol Id=\"o27\">\r\n<a:CreationDate>1436780612</a:CreationDate>\r\n<a:ModificationDate>1437407021</a:ModificationDate>\r\n<a:Rect>((-4575,4310), (3527,14120))</a:Rect>\r\n<a:ListOfPoints>((-4575,12946),(-342,12946),(-342,5484),(3527,5484))</a:ListOfPoints>\r\n<a:CornerStyle>2</a:CornerStyle>\r\n<a:ArrowStyle>8</a:ArrowStyle>\r\n<a:LineColor>4194432</a:LineColor>\r\n<a:ShadowColor>12632256</a:ShadowColor>\r\n<a:FontList>DISPNAME 0 Arial,8,N\r\nMULA 0 Arial,8,N</a:FontList>\r\n<c:SourceSymbol>\r\n<o:ClassSymbol Ref=\"o28\"/>\r\n</c:SourceSymbol>\r\n<c:DestinationSymbol>\r\n<o:ClassSymbol Ref=\"o7\"/>\r\n</c:DestinationSymbol>\r\n<c:Object>\r\n<o:Association Ref=\"o29\"/>\r\n</c:Object>\r\n</o:AssociationSymbol>\r\n<o:AssociationClassLinkSymbol Id=\"o30\">\r\n<a:CreationDate>1436780643</a:CreationDate>\r\n<a:ModificationDate>1437407005</a:ModificationDate>\r\n<a:Rect>((-17331,9215), (-342,23344))</a:Rect>\r\n<a:ListOfPoints>((-342,9215),(-17331,9215),(-17331,23344))</a:ListOfPoints>\r\n<a:CornerStyle>2</a:CornerStyle>\r\n<a:ArrowStyle>0</a:ArrowStyle>\r\n<a:LineColor>4194432</a:LineColor>\r\n<a:DashStyle>2</a:DashStyle>\r\n<a:ShadowColor>12632256</a:ShadowColor>\r\n<c:SourceSymbol>\r\n<o:AssociationSymbol Ref=\"o27\"/>\r\n</c:SourceSymbol>\r\n<c:DestinationSymbol>\r\n<o:ClassSymbol Ref=\"o31\"/>\r\n</c:DestinationSymbol>\r\n<c:Object>\r\n<o:AssociationClassLink Ref=\"o32\"/>\r\n</c:Object>\r\n</o:AssociationClassLinkSymbol>\r\n<o:AssociationSymbol Id=\"o33\">\r\n<a:CreationDate>1436801460</a:CreationDate>\r\n<a:ModificationDate>1436803404</a:ModificationDate>\r\n<a:Rect>((3408,-32938), (7085,-18044))</a:Rect>\r\n<a:ListOfPoints>((5282,-32938),(5282,-30150),(5211,-30150),(5211,-18044))</a:ListOfPoints>\r\n<a:CornerStyle>2</a:CornerStyle>\r\n<a:ArrowStyle>8</a:ArrowStyle>\r\n<a:LineColor>4194432</a:LineColor>\r\n<a:ShadowColor>12632256</a:ShadowColor>\r\n<a:FontList>DISPNAME 0 Arial,8,N\r\nMULA 0 Arial,8,N</a:FontList>\r\n<c:SourceSymbol>\r\n<o:ClassSymbol Ref=\"o34\"/>\r\n</c:SourceSymbol>\r\n<c:DestinationSymbol>\r\n<o:ClassSymbol Ref=\"o6\"/>\r\n</c:DestinationSymbol>\r\n<c:Object>\r\n<o:Association Ref=\"o35\"/>\r\n</c:Object>\r\n</o:AssociationSymbol>\r\n<o:AssociationClassLinkSymbol Id=\"o36\">\r\n<a:CreationDate>1436801463</a:CreationDate>\r\n<a:ModificationDate>1436803406</a:ModificationDate>\r\n<a:Rect>((5246,-30150), (21103,-28427))</a:Rect>\r\n<a:ListOfPoints>((5246,-30150),(5246,-28427),(21103,-28427))</a:ListOfPoints>\r\n<a:CornerStyle>2</a:CornerStyle>\r\n<a:ArrowStyle>0</a:ArrowStyle>\r\n<a:LineColor>4194432</a:LineColor>\r\n<a:DashStyle>2</a:DashStyle>\r\n<a:ShadowColor>12632256</a:ShadowColor>\r\n<c:SourceSymbol>\r\n<o:AssociationSymbol Ref=\"o33\"/>\r\n</c:SourceSymbol>\r\n<c:DestinationSymbol>\r\n<o:ClassSymbol Ref=\"o37\"/>\r\n</c:DestinationSymbol>\r\n<c:Object>\r\n<o:AssociationClassLink Ref=\"o38\"/>\r\n</c:Object>\r\n</o:AssociationClassLinkSymbol>\r\n<o:AssociationSymbol Id=\"o39\">\r\n<a:CreationDate>1436802635</a:CreationDate>\r\n<a:ModificationDate>1437407005</a:ModificationDate>\r\n<a:Rect>((-22535,28625), (-18637,33764))</a:Rect>\r\n<a:ListOfPoints>((-20511,28625),(-20511,33764))</a:ListOfPoints>\r\n<a:CornerStyle>2</a:CornerStyle>\r\n<a:ArrowStyle>3592</a:ArrowStyle>\r\n<a:LineColor>4194432</a:LineColor>\r\n<a:ShadowColor>12632256</a:ShadowColor>\r\n<a:FontList>DISPNAME 0 Arial,8,N\r\nMULA 0 Arial,8,N</a:FontList>\r\n<c:SourceSymbol>\r\n<o:ClassSymbol Ref=\"o31\"/>\r\n</c:SourceSymbol>\r\n<c:DestinationSymbol>\r\n<o:ClassSymbol Ref=\"o40\"/>\r\n</c:DestinationSymbol>\r\n<c:Object>\r\n<o:Association Ref=\"o41\"/>\r\n</c:Object>\r\n</o:AssociationSymbol>\r\n<o:AssociationSymbol Id=\"o42\">\r\n<a:CreationDate>1436803006</a:CreationDate>\r\n<a:ModificationDate>1437407021</a:ModificationDate>\r\n<a:Rect>((-14955,-1782), (-7732,12558))</a:Rect>\r\n<a:ListOfPoints>((-7732,12558),(-13081,12558),(-13081,-1782))</a:ListOfPoints>\r\n<a:CornerStyle>2</a:CornerStyle>\r\n<a:ArrowStyle>8</a:ArrowStyle>\r\n<a:LineColor>4194432</a:LineColor>\r\n<a:ShadowColor>12632256</a:ShadowColor>\r\n<a:FontList>DISPNAME 0 Arial,8,N\r\nMULA 0 Arial,8,N</a:FontList>\r\n<c:SourceSymbol>\r\n<o:ClassSymbol Ref=\"o28\"/>\r\n</c:SourceSymbol>\r\n<c:DestinationSymbol>\r\n<o:ClassSymbol Ref=\"o25\"/>\r\n</c:DestinationSymbol>\r\n<c:Object>\r\n<o:Association Ref=\"o43\"/>\r\n</c:Object>\r\n</o:AssociationSymbol>\r\n<o:AssociationSymbol Id=\"o44\">\r\n<a:CreationDate>1437394355</a:CreationDate>\r\n<a:ModificationDate>1437406248</a:ModificationDate>\r\n<a:Rect>((9450,-14373), (17100,-12025))</a:Rect>\r\n<a:ListOfPoints>((9450,-13200),(17100,-13200))</a:ListOfPoints>\r\n<a:CornerStyle>2</a:CornerStyle>\r\n<a:ArrowStyle>3336</a:ArrowStyle>\r\n<a:LineColor>4194432</a:LineColor>\r\n<a:ShadowColor>12632256</a:ShadowColor>\r\n<a:FontList>DISPNAME 0 Arial,8,N\r\nMULA 0 Arial,8,N</a:FontList>\r\n<c:SourceSymbol>\r\n<o:ClassSymbol Ref=\"o6\"/>\r\n</c:SourceSymbol>\r\n<c:DestinationSymbol>\r\n<o:ClassSymbol Ref=\"o45\"/>\r\n</c:DestinationSymbol>\r\n<c:Object>\r\n<o:Association Ref=\"o46\"/>\r\n</c:Object>\r\n</o:AssociationSymbol>\r\n<o:GeneralizationSymbol Id=\"o47\">\r\n<a:CreationDate>1437407128</a:CreationDate>\r\n<a:ModificationDate>1437407250</a:ModificationDate>\r\n<a:Rect>((-7057,13812), (-3965,26004))</a:Rect>\r\n<a:ListOfPoints>((-7057,13812),(-7057,21414),(-3965,21414),(-3965,26004))</a:ListOfPoints>\r\n<a:CornerStyle>2</a:CornerStyle>\r\n<a:ArrowStyle>7</a:ArrowStyle>\r\n<a:LineColor>4194432</a:LineColor>\r\n<a:ShadowColor>12632256</a:ShadowColor>\r\n<a:FontList>DISPNAME 0 Arial,8,N</a:FontList>\r\n<c:SourceSymbol>\r\n<o:ClassSymbol Ref=\"o28\"/>\r\n</c:SourceSymbol>\r\n<c:DestinationSymbol>\r\n<o:ClassSymbol Ref=\"o48\"/>\r\n</c:DestinationSymbol>\r\n<c:Object>\r\n<o:Generalization Ref=\"o49\"/>\r\n</c:Object>\r\n</o:GeneralizationSymbol>\r\n<o:GeneralizationSymbol Id=\"o50\">\r\n<a:CreationDate>1437407130</a:CreationDate>\r\n<a:ModificationDate>1437407253</a:ModificationDate>\r\n<a:Rect>((-1254,24594), (9951,25594))</a:Rect>\r\n<a:ListOfPoints>((9951,24600),(3539,24600),(3539,25587),(-1254,25587))</a:ListOfPoints>\r\n<a:CornerStyle>2</a:CornerStyle>\r\n<a:ArrowStyle>7</a:ArrowStyle>\r\n<a:LineColor>4194432</a:LineColor>\r\n<a:ShadowColor>12632256</a:ShadowColor>\r\n<a:FontList>DISPNAME 0 Arial,8,N</a:FontList>\r\n<c:SourceSymbol>\r\n<o:ClassSymbol Ref=\"o16\"/>\r\n</c:SourceSymbol>\r\n<c:DestinationSymbol>\r\n<o:ClassSymbol Ref=\"o48\"/>\r\n</c:DestinationSymbol>\r\n<c:Object>\r\n<o:Generalization Ref=\"o51\"/>\r\n</c:Object>\r\n</o:GeneralizationSymbol>\r\n<o:ClassSymbol Id=\"o28\">\r\n<a:CreationDate>1436519944</a:CreationDate>\r\n<a:ModificationDate>1437407021</a:ModificationDate>\r\n<a:IconMode>-1</a:IconMode>\r\n<a:Rect>((-10136,11034), (-2902,14854))</a:Rect>\r\n<a:LineColor>128</a:LineColor>\r\n<a:FillColor>8637161</a:FillColor>\r\n<a:ShadowColor>12632256</a:ShadowColor>\r\n<a:FontList>STRN 0 Arial,8,N\r\nDISPNAME 0 Arial,8,N\r\nCNTR 0 Arial,8,N\r\nAttributes 0 Arial,8,N\r\nClassPrimaryAttribute 0 Arial,8,U\r\nOperations 0 Arial,8,N\r\nInnerClassifiers 0 Arial,8,N\r\nLABL 0 Arial,8,N</a:FontList>\r\n<a:BrushStyle>6</a:BrushStyle>\r\n<a:GradientFillMode>65</a:GradientFillMode>\r\n<a:GradientEndColor>16777215</a:GradientEndColor>\r\n<c:Object>\r\n<o:Class Ref=\"o52\"/>\r\n</c:Object>\r\n</o:ClassSymbol>\r\n<o:ClassSymbol Id=\"o6\">\r\n<a:CreationDate>1436519949</a:CreationDate>\r\n<a:ModificationDate>1436803346</a:ModificationDate>\r\n<a:IconMode>-1</a:IconMode>\r\n<a:Rect>((991,-20478), (11083,-6918))</a:Rect>\r\n<a:LineColor>128</a:LineColor>\r\n<a:FillColor>8637161</a:FillColor>\r\n<a:ShadowColor>12632256</a:ShadowColor>\r\n<a:FontList>STRN 0 Arial,8,N\r\nDISPNAME 0 Arial,8,N\r\nCNTR 0 Arial,8,N\r\nAttributes 0 Arial,8,N\r\nClassPrimaryAttribute 0 Arial,8,U\r\nOperations 0 Arial,8,N\r\nInnerClassifiers 0 Arial,8,N\r\nLABL 0 Arial,8,N</a:FontList>\r\n<a:BrushStyle>6</a:BrushStyle>\r\n<a:GradientFillMode>65</a:GradientFillMode>\r\n<a:GradientEndColor>16777215</a:GradientEndColor>\r\n<c:Object>\r\n<o:Class Ref=\"o53\"/>\r\n</c:Object>\r\n</o:ClassSymbol>\r\n<o:ClassSymbol Id=\"o7\">\r\n<a:CreationDate>1436519959</a:CreationDate>\r\n<a:ModificationDate>1437406205</a:ModificationDate>\r\n<a:IconMode>-1</a:IconMode>\r\n<a:Rect>((1478,-250), (11570,10388))</a:Rect>\r\n<a:LineColor>128</a:LineColor>\r\n<a:FillColor>8637161</a:FillColor>\r\n<a:ShadowColor>12632256</a:ShadowColor>\r\n<a:FontList>STRN 0 Arial,8,N\r\nDISPNAME 0 Arial,8,N\r\nCNTR 0 Arial,8,N\r\nAttributes 0 Arial,8,N\r\nClassPrimaryAttribute 0 Arial,8,U\r\nOperations 0 Arial,8,N\r\nInnerClassifiers 0 Arial,8,N\r\nLABL 0 Arial,8,N</a:FontList>\r\n<a:BrushStyle>6</a:BrushStyle>\r\n<a:GradientFillMode>65</a:GradientFillMode>\r\n<a:GradientEndColor>16777215</a:GradientEndColor>\r\n<c:Object>\r\n<o:Class Ref=\"o54\"/>\r\n</c:Object>\r\n</o:ClassSymbol>\r\n<o:ClassSymbol Id=\"o55\">\r\n<a:CreationDate>1436523149</a:CreationDate>\r\n<a:ModificationDate>1437037186</a:ModificationDate>\r\n<a:IconMode>-1</a:IconMode>\r\n<a:Rect>((-12757,33158), (-6909,36979))</a:Rect>\r\n<a:LineColor>128</a:LineColor>\r\n<a:FillColor>8637161</a:FillColor>\r\n<a:ShadowColor>12632256</a:ShadowColor>\r\n<a:FontList>STRN 0 Arial,8,N\r\nDISPNAME 0 Arial,8,N\r\nCNTR 0 Arial,8,N\r\nAttributes 0 Arial,8,N\r\nClassPrimaryAttribute 0 Arial,8,U\r\nOperations 0 Arial,8,N\r\nInnerClassifiers 0 Arial,8,N\r\nLABL 0 Arial,8,N</a:FontList>\r\n<a:BrushStyle>6</a:BrushStyle>\r\n<a:GradientFillMode>65</a:GradientFillMode>\r\n<a:GradientEndColor>16777215</a:GradientEndColor>\r\n<c:Object>\r\n<o:Class Ref=\"o56\"/>\r\n</c:Object>\r\n</o:ClassSymbol>\r\n<o:ClassSymbol Id=\"o31\">\r\n<a:CreationDate>1436523258</a:CreationDate>\r\n<a:ModificationDate>1437407005</a:ModificationDate>\r\n<a:IconMode>-1</a:IconMode>\r\n<a:Rect>((-23034,17539), (-11630,29151))</a:Rect>\r\n<a:LineColor>128</a:LineColor>\r\n<a:FillColor>8637161</a:FillColor>\r\n<a:ShadowColor>12632256</a:ShadowColor>\r\n<a:FontList>STRN 0 Arial,8,N\r\nDISPNAME 0 Arial,8,N\r\nCNTR 0 Arial,8,N\r\nAttributes 0 Arial,8,N\r\nClassPrimaryAttribute 0 Arial,8,U\r\nOperations 0 Arial,8,N\r\nInnerClassifiers 0 Arial,8,N\r\nLABL 0 Arial,8,N</a:FontList>\r\n<a:BrushStyle>6</a:BrushStyle>\r\n<a:GradientFillMode>65</a:GradientFillMode>\r\n<a:GradientEndColor>16777215</a:GradientEndColor>\r\n<c:Object>\r\n<o:Class Ref=\"o57\"/>\r\n</c:Object>\r\n</o:ClassSymbol>\r\n<o:ClassSymbol Id=\"o16\">\r\n<a:CreationDate>1436523349</a:CreationDate>\r\n<a:ModificationDate>1437407253</a:ModificationDate>\r\n<a:IconMode>-1</a:IconMode>\r\n<a:Rect>((8545,22985), (13345,26805))</a:Rect>\r\n<a:LineColor>128</a:LineColor>\r\n<a:FillColor>8637161</a:FillColor>\r\n<a:ShadowColor>12632256</a:ShadowColor>\r\n<a:FontList>STRN 0 Arial,8,N\r\nDISPNAME 0 Arial,8,N\r\nCNTR 0 Arial,8,N\r\nAttributes 0 Arial,8,N\r\nClassPrimaryAttribute 0 Arial,8,U\r\nOperations 0 Arial,8,N\r\nInnerClassifiers 0 Arial,8,N\r\nLABL 0 Arial,8,N</a:FontList>\r\n<a:BrushStyle>6</a:BrushStyle>\r\n<a:GradientFillMode>65</a:GradientFillMode>\r\n<a:GradientEndColor>16777215</a:GradientEndColor>\r\n<c:Object>\r\n<o:Class Ref=\"o58\"/>\r\n</c:Object>\r\n</o:ClassSymbol>\r\n<o:ClassSymbol Id=\"o10\">\r\n<a:CreationDate>1436523560</a:CreationDate>\r\n<a:ModificationDate>1436803360</a:ModificationDate>\r\n<a:IconMode>-1</a:IconMode>\r\n<a:Rect>((-24758,-36350), (-15054,-25712))</a:Rect>\r\n<a:LineColor>128</a:LineColor>\r\n<a:FillColor>8637161</a:FillColor>\r\n<a:ShadowColor>12632256</a:ShadowColor>\r\n<a:FontList>STRN 0 Arial,8,N\r\nDISPNAME 0 Arial,8,N\r\nCNTR 0 Arial,8,N\r\nAttributes 0 Arial,8,N\r\nClassPrimaryAttribute 0 Arial,8,U\r\nOperations 0 Arial,8,N\r\nInnerClassifiers 0 Arial,8,N\r\nLABL 0 Arial,8,N</a:FontList>\r\n<a:BrushStyle>6</a:BrushStyle>\r\n<a:GradientFillMode>65</a:GradientFillMode>\r\n<a:GradientEndColor>16777215</a:GradientEndColor>\r\n<c:Object>\r\n<o:Class Ref=\"o59\"/>\r\n</c:Object>\r\n</o:ClassSymbol>\r\n<o:ClassSymbol Id=\"o13\">\r\n<a:CreationDate>1436523629</a:CreationDate>\r\n<a:ModificationDate>1436803384</a:ModificationDate>\r\n<a:IconMode>-1</a:IconMode>\r\n<a:Rect>((-11961,-28506), (-711,-18842))</a:Rect>\r\n<a:LineColor>128</a:LineColor>\r\n<a:FillColor>8637161</a:FillColor>\r\n<a:ShadowColor>12632256</a:ShadowColor>\r\n<a:FontList>STRN 0 Arial,8,N\r\nDISPNAME 0 Arial,8,N\r\nCNTR 0 Arial,8,N\r\nAttributes 0 Arial,8,N\r\nClassPrimaryAttribute 0 Arial,8,U\r\nOperations 0 Arial,8,N\r\nInnerClassifiers 0 Arial,8,N\r\nLABL 0 Arial,8,N</a:FontList>\r\n<a:BrushStyle>6</a:BrushStyle>\r\n<a:GradientFillMode>65</a:GradientFillMode>\r\n<a:GradientEndColor>16777215</a:GradientEndColor>\r\n<c:Object>\r\n<o:Class Ref=\"o60\"/>\r\n</c:Object>\r\n</o:ClassSymbol>\r\n<o:ClassSymbol Id=\"o17\">\r\n<a:CreationDate>1436528344</a:CreationDate>\r\n<a:ModificationDate>1437037180</a:ModificationDate>\r\n<a:IconMode>-1</a:IconMode>\r\n<a:Rect>((17282,5392), (24902,12500))</a:Rect>\r\n<a:AutoAdjustToText>0</a:AutoAdjustToText>\r\n<a:LineColor>128</a:LineColor>\r\n<a:FillColor>8637161</a:FillColor>\r\n<a:ShadowColor>12632256</a:ShadowColor>\r\n<a:FontList>STRN 0 Arial,8,N\r\nDISPNAME 0 Arial,8,N\r\nCNTR 0 Arial,8,N\r\nAttributes 0 Arial,8,N\r\nClassPrimaryAttribute 0 Arial,8,U\r\nOperations 0 Arial,8,N\r\nInnerClassifiers 0 Arial,8,N\r\nLABL 0 Arial,8,N</a:FontList>\r\n<a:BrushStyle>6</a:BrushStyle>\r\n<a:GradientFillMode>65</a:GradientFillMode>\r\n<a:GradientEndColor>16777215</a:GradientEndColor>\r\n<a:ManuallyResized>1</a:ManuallyResized>\r\n<c:Object>\r\n<o:Class Ref=\"o61\"/>\r\n</c:Object>\r\n</o:ClassSymbol>\r\n<o:ClassSymbol Id=\"o20\">\r\n<a:CreationDate>1436528416</a:CreationDate>\r\n<a:ModificationDate>1436803316</a:ModificationDate>\r\n<a:IconMode>-1</a:IconMode>\r\n<a:Rect>((15115,30992), (24511,35786))</a:Rect>\r\n<a:LineColor>128</a:LineColor>\r\n<a:FillColor>8637161</a:FillColor>\r\n<a:ShadowColor>12632256</a:ShadowColor>\r\n<a:FontList>STRN 0 Arial,8,N\r\nDISPNAME 0 Arial,8,N\r\nCNTR 0 Arial,8,N\r\nAttributes 0 Arial,8,N\r\nClassPrimaryAttribute 0 Arial,8,U\r\nOperations 0 Arial,8,N\r\nInnerClassifiers 0 Arial,8,N\r\nLABL 0 Arial,8,N</a:FontList>\r\n<a:BrushStyle>6</a:BrushStyle>\r\n<a:GradientFillMode>65</a:GradientFillMode>\r\n<a:GradientEndColor>16777215</a:GradientEndColor>\r\n<c:Object>\r\n<o:Class Ref=\"o62\"/>\r\n</c:Object>\r\n</o:ClassSymbol>\r\n<o:ClassSymbol Id=\"o25\">\r\n<a:CreationDate>1436543744</a:CreationDate>\r\n<a:ModificationDate>1437406217</a:ModificationDate>\r\n<a:IconMode>-1</a:IconMode>\r\n<a:Rect>((-14253,-10083), (-5251,15))</a:Rect>\r\n<a:AutoAdjustToText>0</a:AutoAdjustToText>\r\n<a:LineColor>128</a:LineColor>\r\n<a:FillColor>8637161</a:FillColor>\r\n<a:ShadowColor>12632256</a:ShadowColor>\r\n<a:FontList>STRN 0 Arial,8,N\r\nDISPNAME 0 Arial,8,N\r\nCNTR 0 Arial,8,N\r\nAttributes 0 Arial,8,N\r\nClassPrimaryAttribute 0 Arial,8,U\r\nOperations 0 Arial,8,N\r\nInnerClassifiers 0 Arial,8,N\r\nLABL 0 Arial,8,N</a:FontList>\r\n<a:BrushStyle>6</a:BrushStyle>\r\n<a:GradientFillMode>65</a:GradientFillMode>\r\n<a:GradientEndColor>16777215</a:GradientEndColor>\r\n<a:ManuallyResized>1</a:ManuallyResized>\r\n<c:Object>\r\n<o:Class Ref=\"o63\"/>\r\n</c:Object>\r\n</o:ClassSymbol>\r\n<o:ClassSymbol Id=\"o40\">\r\n<a:CreationDate>1436800666</a:CreationDate>\r\n<a:ModificationDate>1436803307</a:ModificationDate>\r\n<a:IconMode>-1</a:IconMode>\r\n<a:Rect>((-23877,33338), (-17654,37159))</a:Rect>\r\n<a:LineColor>128</a:LineColor>\r\n<a:FillColor>8637161</a:FillColor>\r\n<a:ShadowColor>12632256</a:ShadowColor>\r\n<a:FontList>STRN 0 Arial,8,N\r\nDISPNAME 0 Arial,8,N\r\nCNTR 0 Arial,8,N\r\nAttributes 0 Arial,8,N\r\nClassPrimaryAttribute 0 Arial,8,U\r\nOperations 0 Arial,8,N\r\nInnerClassifiers 0 Arial,8,N\r\nLABL 0 Arial,8,N</a:FontList>\r\n<a:BrushStyle>6</a:BrushStyle>\r\n<a:GradientFillMode>65</a:GradientFillMode>\r\n<a:GradientEndColor>16777215</a:GradientEndColor>\r\n<c:Object>\r\n<o:Class Ref=\"o64\"/>\r\n</c:Object>\r\n</o:ClassSymbol>\r\n<o:ClassSymbol Id=\"o34\">\r\n<a:CreationDate>1436801293</a:CreationDate>\r\n<a:ModificationDate>1436803404</a:ModificationDate>\r\n<a:IconMode>-1</a:IconMode>\r\n<a:Rect>((4450,-36692), (9249,-32871))</a:Rect>\r\n<a:LineColor>128</a:LineColor>\r\n<a:FillColor>8637161</a:FillColor>\r\n<a:ShadowColor>12632256</a:ShadowColor>\r\n<a:FontList>STRN 0 Arial,8,N\r\nDISPNAME 0 Arial,8,N\r\nCNTR 0 Arial,8,N\r\nAttributes 0 Arial,8,N\r\nClassPrimaryAttribute 0 Arial,8,U\r\nOperations 0 Arial,8,N\r\nInnerClassifiers 0 Arial,8,N\r\nLABL 0 Arial,8,N</a:FontList>\r\n<a:BrushStyle>6</a:BrushStyle>\r\n<a:GradientFillMode>65</a:GradientFillMode>\r\n<a:GradientEndColor>16777215</a:GradientEndColor>\r\n<c:Object>\r\n<o:Class Ref=\"o65\"/>\r\n</c:Object>\r\n</o:ClassSymbol>\r\n<o:ClassSymbol Id=\"o37\">\r\n<a:CreationDate>1436801398</a:CreationDate>\r\n<a:ModificationDate>1436803406</a:ModificationDate>\r\n<a:IconMode>-1</a:IconMode>\r\n<a:Rect>((17242,-30338), (24964,-26517))</a:Rect>\r\n<a:LineColor>128</a:LineColor>\r\n<a:FillColor>8637161</a:FillColor>\r\n<a:ShadowColor>12632256</a:ShadowColor>\r\n<a:FontList>STRN 0 Arial,8,N\r\nDISPNAME 0 Arial,8,N\r\nCNTR 0 Arial,8,N\r\nAttributes 0 Arial,8,N\r\nClassPrimaryAttribute 0 Arial,8,U\r\nOperations 0 Arial,8,N\r\nInnerClassifiers 0 Arial,8,N\r\nLABL 0 Arial,8,N</a:FontList>\r\n<a:BrushStyle>6</a:BrushStyle>\r\n<a:GradientFillMode>65</a:GradientFillMode>\r\n<a:GradientEndColor>16777215</a:GradientEndColor>\r\n<c:Object>\r\n<o:Class Ref=\"o66\"/>\r\n</c:Object>\r\n</o:ClassSymbol>\r\n<o:ClassSymbol Id=\"o45\">\r\n<a:CreationDate>1437394180</a:CreationDate>\r\n<a:ModificationDate>1437406248</a:ModificationDate>\r\n<a:IconMode>-1</a:IconMode>\r\n<a:Rect>((15821,-16346), (24677,-9604))</a:Rect>\r\n<a:LineColor>128</a:LineColor>\r\n<a:FillColor>8637161</a:FillColor>\r\n<a:ShadowColor>12632256</a:ShadowColor>\r\n<a:FontList>STRN 0 Arial,8,N\r\nDISPNAME 0 Arial,8,N\r\nCNTR 0 Arial,8,N\r\nAttributes 0 Arial,8,N\r\nClassPrimaryAttribute 0 Arial,8,U\r\nOperations 0 Arial,8,N\r\nInnerClassifiers 0 Arial,8,N\r\nLABL 0 Arial,8,N</a:FontList>\r\n<a:BrushStyle>6</a:BrushStyle>\r\n<a:GradientFillMode>65</a:GradientFillMode>\r\n<a:GradientEndColor>16777215</a:GradientEndColor>\r\n<c:Object>\r\n<o:Class Ref=\"o67\"/>\r\n</c:Object>\r\n</o:ClassSymbol>\r\n<o:ClassSymbol Id=\"o68\">\r\n<a:CreationDate>1437394339</a:CreationDate>\r\n<a:ModificationDate>1437394339</a:ModificationDate>\r\n<a:IconMode>-1</a:IconMode>\r\n<a:Rect>((13200,-5436), (17999,-1615))</a:Rect>\r\n<a:LineColor>128</a:LineColor>\r\n<a:FillColor>8637161</a:FillColor>\r\n<a:ShadowColor>12632256</a:ShadowColor>\r\n<a:FontList>STRN 0 Arial,8,N\r\nDISPNAME 0 Arial,8,N\r\nCNTR 0 Arial,8,N\r\nAttributes 0 Arial,8,N\r\nClassPrimaryAttribute 0 Arial,8,U\r\nOperations 0 Arial,8,N\r\nInnerClassifiers 0 Arial,8,N\r\nLABL 0 Arial,8,N</a:FontList>\r\n<a:BrushStyle>6</a:BrushStyle>\r\n<a:GradientFillMode>65</a:GradientFillMode>\r\n<a:GradientEndColor>16777215</a:GradientEndColor>\r\n<c:Object>\r\n<o:Class Ref=\"o69\"/>\r\n</c:Object>\r\n</o:ClassSymbol>\r\n<o:ClassSymbol Id=\"o48\">\r\n<a:CreationDate>1437407048</a:CreationDate>\r\n<a:ModificationDate>1437407250</a:ModificationDate>\r\n<a:IconMode>-1</a:IconMode>\r\n<a:Rect>((-7058,22355), (2106,32993))</a:Rect>\r\n<a:LineColor>128</a:LineColor>\r\n<a:FillColor>8637161</a:FillColor>\r\n<a:ShadowColor>12632256</a:ShadowColor>\r\n<a:FontList>STRN 0 Arial,8,N\r\nDISPNAME 0 Arial,8,N\r\nCNTR 0 Arial,8,N\r\nAttributes 0 Arial,8,N\r\nClassPrimaryAttribute 0 Arial,8,U\r\nOperations 0 Arial,8,N\r\nInnerClassifiers 0 Arial,8,N\r\nLABL 0 Arial,8,N</a:FontList>\r\n<a:BrushStyle>6</a:BrushStyle>\r\n<a:GradientFillMode>65</a:GradientFillMode>\r\n<a:GradientEndColor>16777215</a:GradientEndColor>\r\n<c:Object>\r\n<o:Class Ref=\"o70\"/>\r\n</c:Object>\r\n</o:ClassSymbol>\r\n</c:Symbols>\r\n</o:ClassDiagram>\r\n</c:ClassDiagrams>\r\n<c:DefaultDiagram>\r\n<o:ClassDiagram Ref=\"o4\"/>\r\n</c:DefaultDiagram>\r\n<c:Classes>\r\n<o:Class Id=\"o52\">\r\n<a:ObjectID>88661301-7C9B-4845-A667-1CDF87D1C87A</a:ObjectID>\r\n<a:Name>Locataire</a:Name>\r\n<a:Code>Locataire</a:Code>\r\n<a:CreationDate>1436519944</a:CreationDate>\r\n<a:Creator>sngos</a:Creator>\r\n<a:ModificationDate>1437407343</a:ModificationDate>\r\n<a:Modifier>sngos</a:Modifier>\r\n<a:UseParentNamespace>0</a:UseParentNamespace>\r\n<c:Attributes>\r\n<o:Attribute Id=\"o71\">\r\n<a:ObjectID>E9EE1F0F-C364-4CCF-BFAD-2EAF4BF28D1E</a:ObjectID>\r\n<a:Name>nature</a:Name>\r\n<a:Code>nature</a:Code>\r\n<a:CreationDate>1437406946</a:CreationDate>\r\n<a:Creator>sngos</a:Creator>\r\n<a:ModificationDate>1437406964</a:ModificationDate>\r\n<a:Modifier>sngos</a:Modifier>\r\n<a:DataType>String</a:DataType>\r\n<a:Attribute.Visibility>-</a:Attribute.Visibility>\r\n</o:Attribute>\r\n</c:Attributes>\r\n<c:Identifiers>\r\n<o:Identifier Id=\"o72\">\r\n<a:ObjectID>BA978376-C5BF-4B0D-8085-C74624D07241</a:ObjectID>\r\n<a:Name>id</a:Name>\r\n<a:Code>id</a:Code>\r\n<a:CreationDate>1436803492</a:CreationDate>\r\n<a:Creator>sngos</a:Creator>\r\n<a:ModificationDate>1437407290</a:ModificationDate>\r\n<a:Modifier>sngos</a:Modifier>\r\n</o:Identifier>\r\n</c:Identifiers>\r\n<c:PrimaryIdentifier>\r\n<o:Identifier Ref=\"o72\"/>\r\n</c:PrimaryIdentifier>\r\n</o:Class>\r\n<o:Class Id=\"o53\">\r\n<a:ObjectID>BB6CC390-B6AD-4D0E-8CBB-2EE2542FE489</a:ObjectID>\r\n<a:Name>Lot</a:Name>\r\n<a:Code>Lot</a:Code>\r\n<a:CreationDate>1436519949</a:CreationDate>\r\n<a:Creator>sngos</a:Creator>\r\n<a:ModificationDate>1437394393</a:ModificationDate>\r\n<a:Modifier>sngos</a:Modifier>\r\n<a:UseParentNamespace>0</a:UseParentNamespace>\r\n<c:Attributes>\r\n<o:Attribute Id=\"o73\">\r\n<a:ObjectID>A820D553-D6DF-4D38-A0A8-EFFFC37F9092</a:ObjectID>\r\n<a:Name>id</a:Name>\r\n<a:Code>id</a:Code>\r\n<a:CreationDate>1436528769</a:CreationDate>\r\n<a:Creator>sngos</a:Creator>\r\n<a:ModificationDate>1436544015</a:ModificationDate>\r\n<a:Modifier>sngos</a:Modifier>\r\n<a:DataType>long</a:DataType>\r\n<a:Attribute.Visibility>-</a:Attribute.Visibility>\r\n<a:Multiplicity>1..1</a:Multiplicity>\r\n</o:Attribute>\r\n<o:Attribute Id=\"o74\">\r\n<a:ObjectID>59C74AC2-27B1-40C9-ADA7-7A57CDEF803F</a:ObjectID>\r\n<a:Name>designation</a:Name>\r\n<a:Code>designation</a:Code>\r\n<a:CreationDate>1436528769</a:CreationDate>\r\n<a:Creator>sngos</a:Creator>\r\n<a:ModificationDate>1436529201</a:ModificationDate>\r\n<a:Modifier>sngos</a:Modifier>\r\n<a:DataType>String</a:DataType>\r\n<a:Attribute.Visibility>-</a:Attribute.Visibility>\r\n</o:Attribute>\r\n<o:Attribute Id=\"o75\">\r\n<a:ObjectID>99683D20-1DE0-4390-8E4F-A4DC4B93F072</a:ObjectID>\r\n<a:Name>genre</a:Name>\r\n<a:Code>genre</a:Code>\r\n<a:CreationDate>1436528769</a:CreationDate>\r\n<a:Creator>sngos</a:Creator>\r\n<a:ModificationDate>1436529201</a:ModificationDate>\r\n<a:Modifier>sngos</a:Modifier>\r\n<a:DataType>String</a:DataType>\r\n<a:Attribute.Visibility>-</a:Attribute.Visibility>\r\n</o:Attribute>\r\n<o:Attribute Id=\"o76\">\r\n<a:ObjectID>BA3A446C-4283-4498-A638-3191F0BFC9DC</a:ObjectID>\r\n<a:Name>type</a:Name>\r\n<a:Code>type</a:Code>\r\n<a:CreationDate>1436528769</a:CreationDate>\r\n<a:Creator>sngos</a:Creator>\r\n<a:ModificationDate>1436529201</a:ModificationDate>\r\n<a:Modifier>sngos</a:Modifier>\r\n<a:DataType>String</a:DataType>\r\n<a:Attribute.Visibility>-</a:Attribute.Visibility>\r\n</o:Attribute>\r\n<o:Attribute Id=\"o77\">\r\n<a:ObjectID>C21E43ED-3BDF-45CD-8275-D7D05A12A364</a:ObjectID>\r\n<a:Name>surface</a:Name>\r\n<a:Code>surface</a:Code>\r\n<a:CreationDate>1436528769</a:CreationDate>\r\n<a:Creator>sngos</a:Creator>\r\n<a:ModificationDate>1436529201</a:ModificationDate>\r\n<a:Modifier>sngos</a:Modifier>\r\n<a:DataType>double</a:DataType>\r\n<a:Attribute.Visibility>-</a:Attribute.Visibility>\r\n</o:Attribute>\r\n<o:Attribute Id=\"o78\">\r\n<a:ObjectID>40278F8F-5A6C-48AB-BDE8-91B3A016CCBD</a:ObjectID>\r\n<a:Name>nbrePiece</a:Name>\r\n<a:Code>nbrePiece</a:Code>\r\n<a:CreationDate>1436528769</a:CreationDate>\r\n<a:Creator>sngos</a:Creator>\r\n<a:ModificationDate>1436529201</a:ModificationDate>\r\n<a:Modifier>sngos</a:Modifier>\r\n<a:DataType>int</a:DataType>\r\n<a:Attribute.Visibility>-</a:Attribute.Visibility>\r\n</o:Attribute>\r\n<o:Attribute Id=\"o79\">\r\n<a:ObjectID>B72FF7B4-D414-49E6-9B54-DA06CF2108FB</a:ObjectID>\r\n<a:Name>adresse</a:Name>\r\n<a:Code>adresse</a:Code>\r\n<a:CreationDate>1436528769</a:CreationDate>\r\n<a:Creator>sngos</a:Creator>\r\n<a:ModificationDate>1436529201</a:ModificationDate>\r\n<a:Modifier>sngos</a:Modifier>\r\n<a:DataType>String</a:DataType>\r\n<a:Attribute.Visibility>-</a:Attribute.Visibility>\r\n</o:Attribute>\r\n<o:Attribute Id=\"o80\">\r\n<a:ObjectID>C028ED89-01B5-4C52-961D-1946A1206E60</a:ObjectID>\r\n<a:Name>etage</a:Name>\r\n<a:Code>etage</a:Code>\r\n<a:CreationDate>1436528769</a:CreationDate>\r\n<a:Creator>sngos</a:Creator>\r\n<a:ModificationDate>1436529201</a:ModificationDate>\r\n<a:Modifier>sngos</a:Modifier>\r\n<a:DataType>int</a:DataType>\r\n<a:Attribute.Visibility>-</a:Attribute.Visibility>\r\n</o:Attribute>\r\n<o:Attribute Id=\"o81\">\r\n<a:ObjectID>1437580D-999E-4095-9277-D78BEB5063F7</a:ObjectID>\r\n<a:Name>commentaire</a:Name>\r\n<a:Code>commentaire</a:Code>\r\n<a:CreationDate>1436529231</a:CreationDate>\r\n<a:Creator>sngos</a:Creator>\r\n<a:ModificationDate>1436529244</a:ModificationDate>\r\n<a:Modifier>sngos</a:Modifier>\r\n<a:DataType>String</a:DataType>\r\n<a:Attribute.Visibility>-</a:Attribute.Visibility>\r\n</o:Attribute>\r\n<o:Attribute Id=\"o82\">\r\n<a:ObjectID>82581A42-CD60-49FB-A3B4-D4094A3E81EA</a:ObjectID>\r\n<a:Name>longitude</a:Name>\r\n<a:Code>longitude</a:Code>\r\n<a:CreationDate>1437394115</a:CreationDate>\r\n<a:Creator>sngos</a:Creator>\r\n<a:ModificationDate>1437394138</a:ModificationDate>\r\n<a:Modifier>sngos</a:Modifier>\r\n<a:DataType>double</a:DataType>\r\n<a:Attribute.Visibility>-</a:Attribute.Visibility>\r\n</o:Attribute>\r\n<o:Attribute Id=\"o83\">\r\n<a:ObjectID>58C39FD9-6AAE-4803-873D-B07D10B70B31</a:ObjectID>\r\n<a:Name>latitude</a:Name>\r\n<a:Code>latitude</a:Code>\r\n<a:CreationDate>1437394141</a:CreationDate>\r\n<a:Creator>sngos</a:Creator>\r\n<a:ModificationDate>1437394157</a:ModificationDate>\r\n<a:Modifier>sngos</a:Modifier>\r\n<a:DataType>double</a:DataType>\r\n<a:Attribute.Visibility>-</a:Attribute.Visibility>\r\n</o:Attribute>\r\n</c:Attributes>\r\n<c:Identifiers>\r\n<o:Identifier Id=\"o84\">\r\n<a:ObjectID>3C485471-2390-4797-A9AC-1CD24F805E3B</a:ObjectID>\r\n<a:Name>id</a:Name>\r\n<a:Code>id</a:Code>\r\n<a:CreationDate>1436543985</a:CreationDate>\r\n<a:Creator>sngos</a:Creator>\r\n<a:ModificationDate>1436543992</a:ModificationDate>\r\n<a:Modifier>sngos</a:Modifier>\r\n<c:Identifier.Attributes>\r\n<o:Attribute Ref=\"o73\"/>\r\n</c:Identifier.Attributes>\r\n</o:Identifier>\r\n<o:Identifier Id=\"o85\">\r\n<a:ObjectID>887265CE-09C8-4516-9A80-A1E562722AD2</a:ObjectID>\r\n<a:Name>Identifiant_2</a:Name>\r\n<a:Code>Identifiant_2</a:Code>\r\n<a:CreationDate>1436544001</a:CreationDate>\r\n<a:Creator>sngos</a:Creator>\r\n<a:ModificationDate>1436544015</a:ModificationDate>\r\n<a:Modifier>sngos</a:Modifier>\r\n<c:Identifier.Attributes>\r\n<o:Attribute Ref=\"o73\"/>\r\n</c:Identifier.Attributes>\r\n</o:Identifier>\r\n</c:Identifiers>\r\n<c:PrimaryIdentifier>\r\n<o:Identifier Ref=\"o84\"/>\r\n</c:PrimaryIdentifier>\r\n</o:Class>\r\n<o:Class Id=\"o54\">\r\n<a:ObjectID>FE73388F-CC7C-4685-9897-0248399EFA6C</a:ObjectID>\r\n<a:Name>Bail</a:Name>\r\n<a:Code>Bail</a:Code>\r\n<a:CreationDate>1436519959</a:CreationDate>\r\n<a:Creator>sngos</a:Creator>\r\n<a:ModificationDate>1437411734</a:ModificationDate>\r\n<a:Modifier>sngos</a:Modifier>\r\n<a:UseParentNamespace>0</a:UseParentNamespace>\r\n<c:Attributes>\r\n<o:Attribute Id=\"o86\">\r\n<a:ObjectID>D3552B5A-5C3E-4410-AC66-D5B73353B9B1</a:ObjectID>\r\n<a:Name>id</a:Name>\r\n<a:Code>id</a:Code>\r\n<a:CreationDate>1436781576</a:CreationDate>\r\n<a:Creator>sngos</a:Creator>\r\n<a:ModificationDate>1437406243</a:ModificationDate>\r\n<a:Modifier>sngos</a:Modifier>\r\n<a:DataType>long</a:DataType>\r\n<a:Attribute.Visibility>-</a:Attribute.Visibility>\r\n</o:Attribute>\r\n<o:Attribute Id=\"o87\">\r\n<a:ObjectID>A12C4617-553E-4960-B926-8067852FC1AB</a:ObjectID>\r\n<a:Name>contrat</a:Name>\r\n<a:Code>contrat</a:Code>\r\n<a:CreationDate>1436781576</a:CreationDate>\r\n<a:Creator>sngos</a:Creator>\r\n<a:ModificationDate>1436781739</a:ModificationDate>\r\n<a:Modifier>sngos</a:Modifier>\r\n<a:DataType>String</a:DataType>\r\n<a:Attribute.Visibility>-</a:Attribute.Visibility>\r\n</o:Attribute>\r\n<o:Attribute Id=\"o88\">\r\n<a:ObjectID>009F20C6-F836-4150-9C2C-330B2DBD614E</a:ObjectID>\r\n<a:Name>periodicite</a:Name>\r\n<a:Code>periodicite</a:Code>\r\n<a:CreationDate>1436781576</a:CreationDate>\r\n<a:Creator>sngos</a:Creator>\r\n<a:ModificationDate>1436781739</a:ModificationDate>\r\n<a:Modifier>sngos</a:Modifier>\r\n<a:DataType>String</a:DataType>\r\n<a:Attribute.Visibility>-</a:Attribute.Visibility>\r\n</o:Attribute>\r\n<o:Attribute Id=\"o89\">\r\n<a:ObjectID>55EA43E4-C631-4A24-8F78-904A3ECF2F23</a:ObjectID>\r\n<a:Name>dateDebut</a:Name>\r\n<a:Code>dateDebut</a:Code>\r\n<a:CreationDate>1436781576</a:CreationDate>\r\n<a:Creator>sngos</a:Creator>\r\n<a:ModificationDate>1436781739</a:ModificationDate>\r\n<a:Modifier>sngos</a:Modifier>\r\n<a:DataType>Date</a:DataType>\r\n<a:Attribute.Visibility>-</a:Attribute.Visibility>\r\n</o:Attribute>\r\n<o:Attribute Id=\"o90\">\r\n<a:ObjectID>ABB2D6AC-ED2B-4BF1-A5BC-2D195E52C900</a:ObjectID>\r\n<a:Name>assurance</a:Name>\r\n<a:Code>assurance</a:Code>\r\n<a:CreationDate>1436781576</a:CreationDate>\r\n<a:Creator>sngos</a:Creator>\r\n<a:ModificationDate>1436781739</a:ModificationDate>\r\n<a:Modifier>sngos</a:Modifier>\r\n<a:DataType>String</a:DataType>\r\n<a:Attribute.Visibility>-</a:Attribute.Visibility>\r\n</o:Attribute>\r\n<o:Attribute Id=\"o91\">\r\n<a:ObjectID>2E625985-5F6E-4338-9215-8A415F54820B</a:ObjectID>\r\n<a:Name>commantaire</a:Name>\r\n<a:Code>commantaire</a:Code>\r\n<a:CreationDate>1436781576</a:CreationDate>\r\n<a:Creator>sngos</a:Creator>\r\n<a:ModificationDate>1436781739</a:ModificationDate>\r\n<a:Modifier>sngos</a:Modifier>\r\n<a:DataType>String</a:DataType>\r\n<a:Attribute.Visibility>-</a:Attribute.Visibility>\r\n</o:Attribute>\r\n<o:Attribute Id=\"o92\">\r\n<a:ObjectID>73003782-E841-4FDE-AA99-B8D1E19BCA1F</a:ObjectID>\r\n<a:Name>versionContrat</a:Name>\r\n<a:Code>versionContrat</a:Code>\r\n<a:CreationDate>1436781576</a:CreationDate>\r\n<a:Creator>sngos</a:Creator>\r\n<a:ModificationDate>1436781739</a:ModificationDate>\r\n<a:Modifier>sngos</a:Modifier>\r\n<a:DataType>String</a:DataType>\r\n<a:Attribute.Visibility>-</a:Attribute.Visibility>\r\n</o:Attribute>\r\n<o:Attribute Id=\"o93\">\r\n<a:ObjectID>24EBADC5-5566-4187-8513-C1FB8191CF04</a:ObjectID>\r\n<a:Name>dateFin</a:Name>\r\n<a:Code>dateFin</a:Code>\r\n<a:CreationDate>1437411716</a:CreationDate>\r\n<a:Creator>sngos</a:Creator>\r\n<a:ModificationDate>1437411734</a:ModificationDate>\r\n<a:Modifier>sngos</a:Modifier>\r\n<a:DataType>Date</a:DataType>\r\n<a:Attribute.Visibility>-</a:Attribute.Visibility>\r\n</o:Attribute>\r\n</c:Attributes>\r\n<c:Identifiers>\r\n<o:Identifier Id=\"o94\">\r\n<a:ObjectID>81978FF6-0407-4A9F-96C0-E0352C00B596</a:ObjectID>\r\n<a:Name>id</a:Name>\r\n<a:Code>id</a:Code>\r\n<a:CreationDate>1436803509</a:CreationDate>\r\n<a:Creator>sngos</a:Creator>\r\n<a:ModificationDate>1436803515</a:ModificationDate>\r\n<a:Modifier>sngos</a:Modifier>\r\n<c:Identifier.Attributes>\r\n<o:Attribute Ref=\"o86\"/>\r\n</c:Identifier.Attributes>\r\n</o:Identifier>\r\n</c:Identifiers>\r\n<c:PrimaryIdentifier>\r\n<o:Identifier Ref=\"o94\"/>\r\n</c:PrimaryIdentifier>\r\n</o:Class>\r\n<o:Class Id=\"o56\">\r\n<a:ObjectID>933AF9E9-AB68-47CE-81B5-D0D31EDF21AB</a:ObjectID>\r\n<a:Name>EcheanceType</a:Name>\r\n<a:Code>EcheanceType</a:Code>\r\n<a:CreationDate>1436523149</a:CreationDate>\r\n<a:Creator>sngos</a:Creator>\r\n<a:ModificationDate>1436523162</a:ModificationDate>\r\n<a:Modifier>sngos</a:Modifier>\r\n<a:UseParentNamespace>0</a:UseParentNamespace>\r\n</o:Class>\r\n<o:Class Id=\"o57\">\r\n<a:ObjectID>5F71E7F9-D5A3-40CC-8F10-6E03725B6E5B</a:ObjectID>\r\n<a:Name>Versement</a:Name>\r\n<a:Code>Versement</a:Code>\r\n<a:CreationDate>1436523258</a:CreationDate>\r\n<a:Creator>sngos</a:Creator>\r\n<a:ModificationDate>1437068875</a:ModificationDate>\r\n<a:Modifier>sngos</a:Modifier>\r\n<a:UseParentNamespace>0</a:UseParentNamespace>\r\n<c:Attributes>\r\n<o:Attribute Id=\"o95\">\r\n<a:ObjectID>8E4090AC-1C78-4B90-BE19-294BB13EEA7A</a:ObjectID>\r\n<a:Name>id</a:Name>\r\n<a:Code>id</a:Code>\r\n<a:CreationDate>1436781019</a:CreationDate>\r\n<a:Creator>sngos</a:Creator>\r\n<a:ModificationDate>1436781282</a:ModificationDate>\r\n<a:Modifier>sngos</a:Modifier>\r\n<a:DataType>long</a:DataType>\r\n<a:Attribute.Visibility>-</a:Attribute.Visibility>\r\n</o:Attribute>\r\n<o:Attribute Id=\"o96\">\r\n<a:ObjectID>1849CC7A-6946-45E1-8B2E-3442E424725B</a:ObjectID>\r\n<a:Name>dateVersement</a:Name>\r\n<a:Code>dateVersement</a:Code>\r\n<a:CreationDate>1436781019</a:CreationDate>\r\n<a:Creator>sngos</a:Creator>\r\n<a:ModificationDate>1436781282</a:ModificationDate>\r\n<a:Modifier>sngos</a:Modifier>\r\n<a:DataType>Date</a:DataType>\r\n<a:Attribute.Visibility>-</a:Attribute.Visibility>\r\n</o:Attribute>\r\n<o:Attribute Id=\"o97\">\r\n<a:ObjectID>29B869DF-40C1-4F31-9A13-FAB0A09328BA</a:ObjectID>\r\n<a:Name>montant</a:Name>\r\n<a:Code>montant</a:Code>\r\n<a:CreationDate>1436781019</a:CreationDate>\r\n<a:Creator>sngos</a:Creator>\r\n<a:ModificationDate>1436781282</a:ModificationDate>\r\n<a:Modifier>sngos</a:Modifier>\r\n<a:DataType>double</a:DataType>\r\n<a:Attribute.Visibility>-</a:Attribute.Visibility>\r\n</o:Attribute>\r\n<o:Attribute Id=\"o98\">\r\n<a:ObjectID>D9E897F6-0677-40B7-9A0B-500C86693C40</a:ObjectID>\r\n<a:Name>numFacture</a:Name>\r\n<a:Code>numFacture</a:Code>\r\n<a:CreationDate>1436781019</a:CreationDate>\r\n<a:Creator>sngos</a:Creator>\r\n<a:ModificationDate>1436781282</a:ModificationDate>\r\n<a:Modifier>sngos</a:Modifier>\r\n<a:DataType>String</a:DataType>\r\n<a:Attribute.Visibility>-</a:Attribute.Visibility>\r\n</o:Attribute>\r\n<o:Attribute Id=\"o99\">\r\n<a:ObjectID>BA4AA340-2131-4FB6-8CEA-98208945E48E</a:ObjectID>\r\n<a:Name>libelleFacture</a:Name>\r\n<a:Code>libelleFacture</a:Code>\r\n<a:CreationDate>1436781019</a:CreationDate>\r\n<a:Creator>sngos</a:Creator>\r\n<a:ModificationDate>1436781282</a:ModificationDate>\r\n<a:Modifier>sngos</a:Modifier>\r\n<a:DataType>String</a:DataType>\r\n<a:Attribute.Visibility>-</a:Attribute.Visibility>\r\n</o:Attribute>\r\n<o:Attribute Id=\"o100\">\r\n<a:ObjectID>6BD410C5-6D73-498C-B476-4315CD4BF9BB</a:ObjectID>\r\n<a:Name>modeReglement</a:Name>\r\n<a:Code>modeReglement</a:Code>\r\n<a:CreationDate>1436781019</a:CreationDate>\r\n<a:Creator>sngos</a:Creator>\r\n<a:ModificationDate>1436781282</a:ModificationDate>\r\n<a:Modifier>sngos</a:Modifier>\r\n<a:DataType>String</a:DataType>\r\n<a:Attribute.Visibility>-</a:Attribute.Visibility>\r\n</o:Attribute>\r\n<o:Attribute Id=\"o101\">\r\n<a:ObjectID>778A295A-71E9-4CEC-84FF-73FA4C4556FC</a:ObjectID>\r\n<a:Name>numCheque</a:Name>\r\n<a:Code>numCheque</a:Code>\r\n<a:CreationDate>1436781019</a:CreationDate>\r\n<a:Creator>sngos</a:Creator>\r\n<a:ModificationDate>1436781282</a:ModificationDate>\r\n<a:Modifier>sngos</a:Modifier>\r\n<a:DataType>String</a:DataType>\r\n<a:Attribute.Visibility>-</a:Attribute.Visibility>\r\n</o:Attribute>\r\n<o:Attribute Id=\"o102\">\r\n<a:ObjectID>46ACCB99-027D-4708-BF40-61E0A8596A99</a:ObjectID>\r\n<a:Name>banque</a:Name>\r\n<a:Code>banque</a:Code>\r\n<a:CreationDate>1436781019</a:CreationDate>\r\n<a:Creator>sngos</a:Creator>\r\n<a:ModificationDate>1436781282</a:ModificationDate>\r\n<a:Modifier>sngos</a:Modifier>\r\n<a:DataType>String</a:DataType>\r\n<a:Attribute.Visibility>-</a:Attribute.Visibility>\r\n</o:Attribute>\r\n<o:Attribute Id=\"o103\">\r\n<a:ObjectID>183FEC7F-AA32-492A-80C8-771A82C61034</a:ObjectID>\r\n<a:Name>typeCharge</a:Name>\r\n<a:Code>typeCharge</a:Code>\r\n<a:CreationDate>1436781019</a:CreationDate>\r\n<a:Creator>sngos</a:Creator>\r\n<a:ModificationDate>1436781282</a:ModificationDate>\r\n<a:Modifier>sngos</a:Modifier>\r\n<a:DataType>String</a:DataType>\r\n<a:Attribute.Visibility>-</a:Attribute.Visibility>\r\n</o:Attribute>\r\n</c:Attributes>\r\n</o:Class>\r\n<o:Class Id=\"o58\">\r\n<a:ObjectID>EE2736F4-1808-412B-9E76-A67DF2F96D6E</a:ObjectID>\r\n<a:Name>Bailleur</a:Name>\r\n<a:Code>Bailleur</a:Code>\r\n<a:CreationDate>1436523349</a:CreationDate>\r\n<a:Creator>sngos</a:Creator>\r\n<a:ModificationDate>1437407312</a:ModificationDate>\r\n<a:Modifier>sngos</a:Modifier>\r\n<a:UseParentNamespace>0</a:UseParentNamespace>\r\n</o:Class>\r\n<o:Class Id=\"o59\">\r\n<a:ObjectID>856ADD38-C56E-4D03-B83B-87C37E28B36A</a:ObjectID>\r\n<a:Name>AgentEntretient</a:Name>\r\n<a:Code>AgentEntretient</a:Code>\r\n<a:CreationDate>1436523560</a:CreationDate>\r\n<a:Creator>sngos</a:Creator>\r\n<a:ModificationDate>1436803457</a:ModificationDate>\r\n<a:Modifier>sngos</a:Modifier>\r\n<a:UseParentNamespace>0</a:UseParentNamespace>\r\n<c:Attributes>\r\n<o:Attribute Id=\"o104\">\r\n<a:ObjectID>882D24FD-335B-4F29-A4B0-AB0EA28A5600</a:ObjectID>\r\n<a:Name>id</a:Name>\r\n<a:Code>id</a:Code>\r\n<a:CreationDate>1436529276</a:CreationDate>\r\n<a:Creator>sngos</a:Creator>\r\n<a:ModificationDate>1436803457</a:ModificationDate>\r\n<a:Modifier>sngos</a:Modifier>\r\n<a:DataType>long</a:DataType>\r\n<a:Attribute.Visibility>-</a:Attribute.Visibility>\r\n</o:Attribute>\r\n<o:Attribute Id=\"o105\">\r\n<a:ObjectID>2BEA01FE-53E6-4CFF-9565-48E4EB59F322</a:ObjectID>\r\n<a:Name>nomPrenom</a:Name>\r\n<a:Code>nomPrenom</a:Code>\r\n<a:CreationDate>1436529276</a:CreationDate>\r\n<a:Creator>sngos</a:Creator>\r\n<a:ModificationDate>1436529383</a:ModificationDate>\r\n<a:Modifier>sngos</a:Modifier>\r\n<a:DataType>String</a:DataType>\r\n<a:Attribute.Visibility>-</a:Attribute.Visibility>\r\n</o:Attribute>\r\n<o:Attribute Id=\"o106\">\r\n<a:ObjectID>B7BC926F-FF76-48C1-A4CD-86D4651C2122</a:ObjectID>\r\n<a:Name>tel</a:Name>\r\n<a:Code>tel</a:Code>\r\n<a:CreationDate>1436529276</a:CreationDate>\r\n<a:Creator>sngos</a:Creator>\r\n<a:ModificationDate>1436529383</a:ModificationDate>\r\n<a:Modifier>sngos</a:Modifier>\r\n<a:DataType>String</a:DataType>\r\n<a:Attribute.Visibility>-</a:Attribute.Visibility>\r\n</o:Attribute>\r\n<o:Attribute Id=\"o107\">\r\n<a:ObjectID>D5C466DA-FD09-40EB-A664-9FA83B1EA603</a:ObjectID>\r\n<a:Name>telMobil</a:Name>\r\n<a:Code>telMobil</a:Code>\r\n<a:CreationDate>1436529276</a:CreationDate>\r\n<a:Creator>sngos</a:Creator>\r\n<a:ModificationDate>1436529383</a:ModificationDate>\r\n<a:Modifier>sngos</a:Modifier>\r\n<a:DataType>String</a:DataType>\r\n<a:Attribute.Visibility>-</a:Attribute.Visibility>\r\n</o:Attribute>\r\n<o:Attribute Id=\"o108\">\r\n<a:ObjectID>10744E1C-7519-46F3-8AF5-61263E4DE71A</a:ObjectID>\r\n<a:Name>fax</a:Name>\r\n<a:Code>fax</a:Code>\r\n<a:CreationDate>1436529276</a:CreationDate>\r\n<a:Creator>sngos</a:Creator>\r\n<a:ModificationDate>1436529383</a:ModificationDate>\r\n<a:Modifier>sngos</a:Modifier>\r\n<a:DataType>String</a:DataType>\r\n<a:Attribute.Visibility>-</a:Attribute.Visibility>\r\n</o:Attribute>\r\n<o:Attribute Id=\"o109\">\r\n<a:ObjectID>4F8944BB-36CF-449D-A61F-A359F3F7F42F</a:ObjectID>\r\n<a:Name>email</a:Name>\r\n<a:Code>email</a:Code>\r\n<a:CreationDate>1436529276</a:CreationDate>\r\n<a:Creator>sngos</a:Creator>\r\n<a:ModificationDate>1436529383</a:ModificationDate>\r\n<a:Modifier>sngos</a:Modifier>\r\n<a:DataType>String</a:DataType>\r\n<a:Attribute.Visibility>-</a:Attribute.Visibility>\r\n</o:Attribute>\r\n<o:Attribute Id=\"o110\">\r\n<a:ObjectID>C8437B94-66C6-4247-9C04-1603FC6CE059</a:ObjectID>\r\n<a:Name>activt</a:Name>\r\n<a:Code>activte</a:Code>\r\n<a:CreationDate>1436529276</a:CreationDate>\r\n<a:Creator>sngos</a:Creator>\r\n<a:ModificationDate>1436529383</a:ModificationDate>\r\n<a:Modifier>sngos</a:Modifier>\r\n<a:DataType>String</a:DataType>\r\n<a:Attribute.Visibility>-</a:Attribute.Visibility>\r\n</o:Attribute>\r\n<o:Attribute Id=\"o111\">\r\n<a:ObjectID>7695E56F-90E2-4110-AE7D-353B1D29A6A6</a:ObjectID>\r\n<a:Name>commentaire</a:Name>\r\n<a:Code>commentaire</a:Code>\r\n<a:CreationDate>1436529276</a:CreationDate>\r\n<a:Creator>sngos</a:Creator>\r\n<a:ModificationDate>1436529383</a:ModificationDate>\r\n<a:Modifier>sngos</a:Modifier>\r\n<a:DataType>String</a:DataType>\r\n<a:Attribute.Visibility>-</a:Attribute.Visibility>\r\n</o:Attribute>\r\n</c:Attributes>\r\n<c:Identifiers>\r\n<o:Identifier Id=\"o112\">\r\n<a:ObjectID>0FDACCFD-DF10-408F-96D6-E65E7117117D</a:ObjectID>\r\n<a:Name>id</a:Name>\r\n<a:Code>id</a:Code>\r\n<a:CreationDate>1436803452</a:CreationDate>\r\n<a:Creator>sngos</a:Creator>\r\n<a:ModificationDate>1436803457</a:ModificationDate>\r\n<a:Modifier>sngos</a:Modifier>\r\n<c:Identifier.Attributes>\r\n<o:Attribute Ref=\"o104\"/>\r\n</c:Identifier.Attributes>\r\n</o:Identifier>\r\n</c:Identifiers>\r\n<c:PrimaryIdentifier>\r\n<o:Identifier Ref=\"o112\"/>\r\n</c:PrimaryIdentifier>\r\n</o:Class>\r\n<o:Class Id=\"o60\">\r\n<a:ObjectID>B6B35867-B93A-41F4-BF11-F28EE618533C</a:ObjectID>\r\n<a:Name>Intervention</a:Name>\r\n<a:Code>Intervention</a:Code>\r\n<a:CreationDate>1436523629</a:CreationDate>\r\n<a:Creator>sngos</a:Creator>\r\n<a:ModificationDate>1436803430</a:ModificationDate>\r\n<a:Modifier>sngos</a:Modifier>\r\n<a:UseParentNamespace>0</a:UseParentNamespace>\r\n<c:Attributes>\r\n<o:Attribute Id=\"o113\">\r\n<a:ObjectID>3F4306B7-2A6E-4784-A678-D2B2CBE0D98F</a:ObjectID>\r\n<a:Name>id</a:Name>\r\n<a:Code>id</a:Code>\r\n<a:CreationDate>1436529409</a:CreationDate>\r\n<a:Creator>sngos</a:Creator>\r\n<a:ModificationDate>1436803430</a:ModificationDate>\r\n<a:Modifier>sngos</a:Modifier>\r\n<a:DataType>long</a:DataType>\r\n<a:Attribute.Visibility>-</a:Attribute.Visibility>\r\n</o:Attribute>\r\n<o:Attribute Id=\"o114\">\r\n<a:ObjectID>21F43A6E-F96A-4886-8130-B90604C518F8</a:ObjectID>\r\n<a:Name>chronologie</a:Name>\r\n<a:Code>chronologie</a:Code>\r\n<a:CreationDate>1436529409</a:CreationDate>\r\n<a:Creator>sngos</a:Creator>\r\n<a:ModificationDate>1436529556</a:ModificationDate>\r\n<a:Modifier>sngos</a:Modifier>\r\n<a:DataType>int</a:DataType>\r\n<a:Attribute.Visibility>-</a:Attribute.Visibility>\r\n</o:Attribute>\r\n<o:Attribute Id=\"o115\">\r\n<a:ObjectID>9C887A6F-A27A-45B0-AC75-E075C75C8F4B</a:ObjectID>\r\n<a:Name>dateDemande</a:Name>\r\n<a:Code>dateDemande</a:Code>\r\n<a:CreationDate>1436529409</a:CreationDate>\r\n<a:Creator>sngos</a:Creator>\r\n<a:ModificationDate>1436529556</a:ModificationDate>\r\n<a:Modifier>sngos</a:Modifier>\r\n<a:DataType>Date</a:DataType>\r\n<a:Attribute.Visibility>-</a:Attribute.Visibility>\r\n</o:Attribute>\r\n<o:Attribute Id=\"o116\">\r\n<a:ObjectID>3FFF17E1-890F-4B79-80D7-6CFF60D1E640</a:ObjectID>\r\n<a:Name>dateIntervention</a:Name>\r\n<a:Code>dateIntervention</a:Code>\r\n<a:CreationDate>1436529409</a:CreationDate>\r\n<a:Creator>sngos</a:Creator>\r\n<a:ModificationDate>1436529556</a:ModificationDate>\r\n<a:Modifier>sngos</a:Modifier>\r\n<a:DataType>Date</a:DataType>\r\n<a:Attribute.Visibility>-</a:Attribute.Visibility>\r\n</o:Attribute>\r\n<o:Attribute Id=\"o117\">\r\n<a:ObjectID>67917194-E599-41C7-9EBA-9F2B99C28450</a:ObjectID>\r\n<a:Name>motif</a:Name>\r\n<a:Code>motif</a:Code>\r\n<a:CreationDate>1436529409</a:CreationDate>\r\n<a:Creator>sngos</a:Creator>\r\n<a:ModificationDate>1436529556</a:ModificationDate>\r\n<a:Modifier>sngos</a:Modifier>\r\n<a:DataType>String</a:DataType>\r\n<a:Attribute.Visibility>-</a:Attribute.Visibility>\r\n</o:Attribute>\r\n<o:Attribute Id=\"o118\">\r\n<a:ObjectID>749B87E4-18F7-4B9C-BB14-FD22B26E268F</a:ObjectID>\r\n<a:Name>montant</a:Name>\r\n<a:Code>montant</a:Code>\r\n<a:CreationDate>1436529409</a:CreationDate>\r\n<a:Creator>sngos</a:Creator>\r\n<a:ModificationDate>1436529556</a:ModificationDate>\r\n<a:Modifier>sngos</a:Modifier>\r\n<a:DataType>double</a:DataType>\r\n<a:Attribute.Visibility>-</a:Attribute.Visibility>\r\n</o:Attribute>\r\n<o:Attribute Id=\"o119\">\r\n<a:ObjectID>E9ECAB44-6664-467A-BAEC-27BC7A6D6EE7</a:ObjectID>\r\n<a:Name>commentaire</a:Name>\r\n<a:Code>commentaire</a:Code>\r\n<a:CreationDate>1436529409</a:CreationDate>\r\n<a:Creator>sngos</a:Creator>\r\n<a:ModificationDate>1436529556</a:ModificationDate>\r\n<a:Modifier>sngos</a:Modifier>\r\n<a:DataType>String</a:DataType>\r\n<a:Attribute.Visibility>-</a:Attribute.Visibility>\r\n</o:Attribute>\r\n</c:Attributes>\r\n<c:Identifiers>\r\n<o:Identifier Id=\"o120\">\r\n<a:ObjectID>AF7A912D-6415-4DBE-80CE-E17754B6D91B</a:ObjectID>\r\n<a:Name>id</a:Name>\r\n<a:Code>id</a:Code>\r\n<a:CreationDate>1436803422</a:CreationDate>\r\n<a:Creator>sngos</a:Creator>\r\n<a:ModificationDate>1436803430</a:ModificationDate>\r\n<a:Modifier>sngos</a:Modifier>\r\n<c:Identifier.Attributes>\r\n<o:Attribute Ref=\"o113\"/>\r\n</c:Identifier.Attributes>\r\n</o:Identifier>\r\n</c:Identifiers>\r\n<c:PrimaryIdentifier>\r\n<o:Identifier Ref=\"o120\"/>\r\n</c:PrimaryIdentifier>\r\n</o:Class>\r\n<o:Class Id=\"o61\">\r\n<a:ObjectID>7FF5A38A-35D6-4BB8-A79B-5DEB3843ADE1</a:ObjectID>\r\n<a:Name>Banque</a:Name>\r\n<a:Code>Banque</a:Code>\r\n<a:CreationDate>1436528344</a:CreationDate>\r\n<a:Creator>sngos</a:Creator>\r\n<a:ModificationDate>1436803554</a:ModificationDate>\r\n<a:Modifier>sngos</a:Modifier>\r\n<a:UseParentNamespace>0</a:UseParentNamespace>\r\n<c:Attributes>\r\n<o:Attribute Id=\"o121\">\r\n<a:ObjectID>7FF54B38-2953-490E-88AC-41DF3D0A2DA9</a:ObjectID>\r\n<a:Name>id</a:Name>\r\n<a:Code>id</a:Code>\r\n<a:CreationDate>1436528499</a:CreationDate>\r\n<a:Creator>sngos</a:Creator>\r\n<a:ModificationDate>1436803554</a:ModificationDate>\r\n<a:Modifier>sngos</a:Modifier>\r\n<a:DataType>long</a:DataType>\r\n<a:Attribute.Visibility>-</a:Attribute.Visibility>\r\n</o:Attribute>\r\n<o:Attribute Id=\"o122\">\r\n<a:ObjectID>87AAF068-4C92-438D-AC69-2B1066FDE1C3</a:ObjectID>\r\n<a:Name>nom</a:Name>\r\n<a:Code>nom</a:Code>\r\n<a:CreationDate>1436528499</a:CreationDate>\r\n<a:Creator>sngos</a:Creator>\r\n<a:ModificationDate>1436528574</a:ModificationDate>\r\n<a:Modifier>sngos</a:Modifier>\r\n<a:DataType>String</a:DataType>\r\n<a:Attribute.Visibility>-</a:Attribute.Visibility>\r\n</o:Attribute>\r\n<o:Attribute Id=\"o123\">\r\n<a:ObjectID>B3B268E9-8B22-47AC-8899-5D8D423815AF</a:ObjectID>\r\n<a:Name>adresse</a:Name>\r\n<a:Code>adresse</a:Code>\r\n<a:CreationDate>1436528499</a:CreationDate>\r\n<a:Creator>sngos</a:Creator>\r\n<a:ModificationDate>1436528574</a:ModificationDate>\r\n<a:Modifier>sngos</a:Modifier>\r\n<a:DataType>String</a:DataType>\r\n<a:Attribute.Visibility>-</a:Attribute.Visibility>\r\n</o:Attribute>\r\n</c:Attributes>\r\n<c:Identifiers>\r\n<o:Identifier Id=\"o124\">\r\n<a:ObjectID>8806084F-A15D-4DD6-9657-96E89475F0A9</a:ObjectID>\r\n<a:Name>id</a:Name>\r\n<a:Code>id</a:Code>\r\n<a:CreationDate>1436544081</a:CreationDate>\r\n<a:Creator>sngos</a:Creator>\r\n<a:ModificationDate>1436544086</a:ModificationDate>\r\n<a:Modifier>sngos</a:Modifier>\r\n<c:Identifier.Attributes>\r\n<o:Attribute Ref=\"o121\"/>\r\n</c:Identifier.Attributes>\r\n</o:Identifier>\r\n<o:Identifier Id=\"o125\">\r\n<a:ObjectID>2264F1A9-D77A-49B9-9CAC-043766C0177A</a:ObjectID>\r\n<a:Name>Identifiant_2</a:Name>\r\n<a:Code>Identifiant_2</a:Code>\r\n<a:CreationDate>1436803534</a:CreationDate>\r\n<a:Creator>sngos</a:Creator>\r\n<a:ModificationDate>1436803554</a:ModificationDate>\r\n<a:Modifier>sngos</a:Modifier>\r\n<c:Identifier.Attributes>\r\n<o:Attribute Ref=\"o121\"/>\r\n</c:Identifier.Attributes>\r\n</o:Identifier>\r\n</c:Identifiers>\r\n</o:Class>\r\n<o:Class Id=\"o62\">\r\n<a:ObjectID>11303093-CB48-48CC-A44E-CC4846E9AF13</a:ObjectID>\r\n<a:Name>Compte</a:Name>\r\n<a:Code>Compte</a:Code>\r\n<a:CreationDate>1436528416</a:CreationDate>\r\n<a:Creator>sngos</a:Creator>\r\n<a:ModificationDate>1436803616</a:ModificationDate>\r\n<a:Modifier>sngos</a:Modifier>\r\n<a:UseParentNamespace>0</a:UseParentNamespace>\r\n<c:Attributes>\r\n<o:Attribute Id=\"o126\">\r\n<a:ObjectID>2DD2D4EE-1007-45B1-B053-4A2F694E8980</a:ObjectID>\r\n<a:Name>id</a:Name>\r\n<a:Code>id</a:Code>\r\n<a:CreationDate>1436528457</a:CreationDate>\r\n<a:Creator>sngos</a:Creator>\r\n<a:ModificationDate>1436803616</a:ModificationDate>\r\n<a:Modifier>sngos</a:Modifier>\r\n<a:DataType>String</a:DataType>\r\n<a:Attribute.Visibility>-</a:Attribute.Visibility>\r\n</o:Attribute>\r\n<o:Attribute Id=\"o127\">\r\n<a:ObjectID>FB48007B-FEA5-4BC4-8AD3-5B23C73B36C3</a:ObjectID>\r\n<a:Name>numCompte</a:Name>\r\n<a:Code>numCompte</a:Code>\r\n<a:CreationDate>1436528457</a:CreationDate>\r\n<a:Creator>sngos</a:Creator>\r\n<a:ModificationDate>1436528493</a:ModificationDate>\r\n<a:Modifier>sngos</a:Modifier>\r\n<a:DataType>String</a:DataType>\r\n<a:Attribute.Visibility>-</a:Attribute.Visibility>\r\n</o:Attribute>\r\n</c:Attributes>\r\n<c:Identifiers>\r\n<o:Identifier Id=\"o128\">\r\n<a:ObjectID>8115D45A-D3B5-48C5-9094-20CD40055062</a:ObjectID>\r\n<a:Name>Identifiant_1</a:Name>\r\n<a:Code>Identifiant_1</a:Code>\r\n<a:CreationDate>1436803607</a:CreationDate>\r\n<a:Creator>sngos</a:Creator>\r\n<a:ModificationDate>1436803608</a:ModificationDate>\r\n<a:Modifier>sngos</a:Modifier>\r\n<c:Identifier.Attributes>\r\n<o:Attribute Ref=\"o126\"/>\r\n</c:Identifier.Attributes>\r\n</o:Identifier>\r\n<o:Identifier Id=\"o129\">\r\n<a:ObjectID>19290794-3FFA-4E0E-9151-78D8EC6F9740</a:ObjectID>\r\n<a:Name>Identifiant_2</a:Name>\r\n<a:Code>Identifiant_2</a:Code>\r\n<a:CreationDate>1436803611</a:CreationDate>\r\n<a:Creator>sngos</a:Creator>\r\n<a:ModificationDate>1436803616</a:ModificationDate>\r\n<a:Modifier>sngos</a:Modifier>\r\n<c:Identifier.Attributes>\r\n<o:Attribute Ref=\"o126\"/>\r\n</c:Identifier.Attributes>\r\n</o:Identifier>\r\n</c:Identifiers>\r\n<c:PrimaryIdentifier>\r\n<o:Identifier Ref=\"o129\"/>\r\n</c:PrimaryIdentifier>\r\n</o:Class>\r\n<o:Class Id=\"o63\">\r\n<a:ObjectID>CF8CEFC0-E911-4C0A-B383-9BF42B2EDDF8</a:ObjectID>\r\n<a:Name>BienImmobilier</a:Name>\r\n<a:Code>BienImmobilier</a:Code>\r\n<a:CreationDate>1436543744</a:CreationDate>\r\n<a:Creator>sngos</a:Creator>\r\n<a:ModificationDate>1437406596</a:ModificationDate>\r\n<a:Modifier>sngos</a:Modifier>\r\n<a:UseParentNamespace>0</a:UseParentNamespace>\r\n<c:Attributes>\r\n<o:Attribute Id=\"o130\">\r\n<a:ObjectID>99810030-5C68-48F4-B9F2-06528971ADD5</a:ObjectID>\r\n<a:Name>id</a:Name>\r\n<a:Code>id</a:Code>\r\n<a:CreationDate>1436543833</a:CreationDate>\r\n<a:Creator>sngos</a:Creator>\r\n<a:ModificationDate>1436543933</a:ModificationDate>\r\n<a:Modifier>sngos</a:Modifier>\r\n<a:DataType>long</a:DataType>\r\n<a:Attribute.Visibility>-</a:Attribute.Visibility>\r\n</o:Attribute>\r\n<o:Attribute Id=\"o131\">\r\n<a:ObjectID>0C136B86-3238-4DC6-99DF-257129E7A9D5</a:ObjectID>\r\n<a:Name>designation</a:Name>\r\n<a:Code>designation</a:Code>\r\n<a:CreationDate>1436543833</a:CreationDate>\r\n<a:Creator>sngos</a:Creator>\r\n<a:ModificationDate>1436543909</a:ModificationDate>\r\n<a:Modifier>sngos</a:Modifier>\r\n<a:DataType>String</a:DataType>\r\n<a:Attribute.Visibility>-</a:Attribute.Visibility>\r\n</o:Attribute>\r\n<o:Attribute Id=\"o132\">\r\n<a:ObjectID>FEC21904-0E12-4AFB-97F9-7FD678B3D688</a:ObjectID>\r\n<a:Name>adresse</a:Name>\r\n<a:Code>adresse</a:Code>\r\n<a:CreationDate>1436543833</a:CreationDate>\r\n<a:Creator>sngos</a:Creator>\r\n<a:ModificationDate>1436543909</a:ModificationDate>\r\n<a:Modifier>sngos</a:Modifier>\r\n<a:DataType>String</a:DataType>\r\n<a:Attribute.Visibility>-</a:Attribute.Visibility>\r\n</o:Attribute>\r\n<o:Attribute Id=\"o133\">\r\n<a:ObjectID>78CFAECE-B764-4F21-9203-78DBAAB4573F</a:ObjectID>\r\n<a:Name>commentaire</a:Name>\r\n<a:Code>commentaire</a:Code>\r\n<a:CreationDate>1436543833</a:CreationDate>\r\n<a:Creator>sngos</a:Creator>\r\n<a:ModificationDate>1436543909</a:ModificationDate>\r\n<a:Modifier>sngos</a:Modifier>\r\n<a:DataType>String</a:DataType>\r\n<a:Attribute.Visibility>-</a:Attribute.Visibility>\r\n</o:Attribute>\r\n<o:Attribute Id=\"o134\">\r\n<a:ObjectID>7AB2E684-20A8-4C41-A85A-E8F643DF90AF</a:ObjectID>\r\n<a:Name>nature</a:Name>\r\n<a:Code>nature</a:Code>\r\n<a:CreationDate>1437406570</a:CreationDate>\r\n<a:Creator>sngos</a:Creator>\r\n<a:ModificationDate>1437406596</a:ModificationDate>\r\n<a:Modifier>sngos</a:Modifier>\r\n<a:DataType>String</a:DataType>\r\n<a:Attribute.Visibility>-</a:Attribute.Visibility>\r\n</o:Attribute>\r\n</c:Attributes>\r\n<c:Identifiers>\r\n<o:Identifier Id=\"o135\">\r\n<a:ObjectID>64DD39AE-7E51-49C6-8F61-76E0C61D7009</a:ObjectID>\r\n<a:Name>id</a:Name>\r\n<a:Code>id</a:Code>\r\n<a:CreationDate>1436543919</a:CreationDate>\r\n<a:Creator>sngos</a:Creator>\r\n<a:ModificationDate>1436543933</a:ModificationDate>\r\n<a:Modifier>sngos</a:Modifier>\r\n<c:Identifier.Attributes>\r\n<o:Attribute Ref=\"o130\"/>\r\n</c:Identifier.Attributes>\r\n</o:Identifier>\r\n</c:Identifiers>\r\n<c:PrimaryIdentifier>\r\n<o:Identifier Ref=\"o135\"/>\r\n</c:PrimaryIdentifier>\r\n</o:Class>\r\n<o:Class Id=\"o64\">\r\n<a:ObjectID>D7761C13-7FFB-40E0-9401-F25C26947402</a:ObjectID>\r\n<a:Name>EcheanceDetail</a:Name>\r\n<a:Code>EcheanceDetail</a:Code>\r\n<a:CreationDate>1436800666</a:CreationDate>\r\n<a:Creator>sngos</a:Creator>\r\n<a:ModificationDate>1436802706</a:ModificationDate>\r\n<a:Modifier>sngos</a:Modifier>\r\n<a:UseParentNamespace>0</a:UseParentNamespace>\r\n</o:Class>\r\n<o:Class Id=\"o65\">\r\n<a:ObjectID>8E9978AC-11A9-47ED-B0D1-C13A4E7A91B4</a:ObjectID>\r\n<a:Name>ChargeFix</a:Name>\r\n<a:Code>ChargeFix</a:Code>\r\n<a:CreationDate>1436801293</a:CreationDate>\r\n<a:Creator>sngos</a:Creator>\r\n<a:ModificationDate>1436801485</a:ModificationDate>\r\n<a:Modifier>sngos</a:Modifier>\r\n<a:UseParentNamespace>0</a:UseParentNamespace>\r\n</o:Class>\r\n<o:Class Id=\"o66\">\r\n<a:ObjectID>E0560A4D-BF2C-49C6-AC5B-E2E92F410B55</a:ObjectID>\r\n<a:Name>OperationChargeFix</a:Name>\r\n<a:Code>OperationChargeFix</a:Code>\r\n<a:CreationDate>1436801398</a:CreationDate>\r\n<a:Creator>sngos</a:Creator>\r\n<a:ModificationDate>1436801485</a:ModificationDate>\r\n<a:Modifier>sngos</a:Modifier>\r\n<a:UseParentNamespace>0</a:UseParentNamespace>\r\n</o:Class>\r\n<o:Class Id=\"o67\">\r\n<a:ObjectID>4A5BDEF0-334E-4E7A-A150-8E517C1090A9</a:ObjectID>\r\n<a:Name>CaptureImage</a:Name>\r\n<a:Code>CaptureImage</a:Code>\r\n<a:CreationDate>1437394180</a:CreationDate>\r\n<a:Creator>sngos</a:Creator>\r\n<a:ModificationDate>1437394393</a:ModificationDate>\r\n<a:Modifier>sngos</a:Modifier>\r\n<a:UseParentNamespace>0</a:UseParentNamespace>\r\n<c:Attributes>\r\n<o:Attribute Id=\"o136\">\r\n<a:ObjectID>DE21257F-9D39-48CB-BC2D-CC4A0A2EA8D4</a:ObjectID>\r\n<a:Name>id</a:Name>\r\n<a:Code>id</a:Code>\r\n<a:CreationDate>1437394182</a:CreationDate>\r\n<a:Creator>sngos</a:Creator>\r\n<a:ModificationDate>1437394287</a:ModificationDate>\r\n<a:Modifier>sngos</a:Modifier>\r\n<a:DataType>long</a:DataType>\r\n<a:Attribute.Visibility>-</a:Attribute.Visibility>\r\n</o:Attribute>\r\n<o:Attribute Id=\"o137\">\r\n<a:ObjectID>E329E08F-FDFB-42B2-8BB9-F8A1767E9CAA</a:ObjectID>\r\n<a:Name>code</a:Name>\r\n<a:Code>code</a:Code>\r\n<a:CreationDate>1437394182</a:CreationDate>\r\n<a:Creator>sngos</a:Creator>\r\n<a:ModificationDate>1437394280</a:ModificationDate>\r\n<a:Modifier>sngos</a:Modifier>\r\n<a:DataType>String</a:DataType>\r\n<a:Attribute.Visibility>-</a:Attribute.Visibility>\r\n</o:Attribute>\r\n<o:Attribute Id=\"o138\">\r\n<a:ObjectID>16D86494-F31E-4800-A832-D8ABC6D3FB86</a:ObjectID>\r\n<a:Name>valeur</a:Name>\r\n<a:Code>valeur</a:Code>\r\n<a:CreationDate>1437394182</a:CreationDate>\r\n<a:Creator>sngos</a:Creator>\r\n<a:ModificationDate>1437394280</a:ModificationDate>\r\n<a:Modifier>sngos</a:Modifier>\r\n<a:DataType>byte</a:DataType>\r\n<a:Attribute.Visibility>-</a:Attribute.Visibility>\r\n<a:Multiplicity>*</a:Multiplicity>\r\n</o:Attribute>\r\n<o:Attribute Id=\"o139\">\r\n<a:ObjectID>EF36CC37-FA13-44DE-AF3E-CAD402C8149C</a:ObjectID>\r\n<a:Name>description</a:Name>\r\n<a:Code>description</a:Code>\r\n<a:CreationDate>1437394182</a:CreationDate>\r\n<a:Creator>sngos</a:Creator>\r\n<a:ModificationDate>1437394280</a:ModificationDate>\r\n<a:Modifier>sngos</a:Modifier>\r\n<a:DataType>String</a:DataType>\r\n<a:Attribute.Visibility>-</a:Attribute.Visibility>\r\n</o:Attribute>\r\n</c:Attributes>\r\n<c:Identifiers>\r\n<o:Identifier Id=\"o140\">\r\n<a:ObjectID>C0863FF4-1B4D-4A07-9137-57DDFFCE00C5</a:ObjectID>\r\n<a:Name>id</a:Name>\r\n<a:Code>id</a:Code>\r\n<a:CreationDate>1437394280</a:CreationDate>\r\n<a:Creator>sngos</a:Creator>\r\n<a:ModificationDate>1437394287</a:ModificationDate>\r\n<a:Modifier>sngos</a:Modifier>\r\n<c:Identifier.Attributes>\r\n<o:Attribute Ref=\"o136\"/>\r\n</c:Identifier.Attributes>\r\n</o:Identifier>\r\n</c:Identifiers>\r\n</o:Class>\r\n<o:Class Id=\"o69\">\r\n<a:ObjectID>B12949EF-33E1-4FD1-9F88-FC3CA861768D</a:ObjectID>\r\n<a:Name>Classe_16</a:Name>\r\n<a:Code>Classe_16</a:Code>\r\n<a:CreationDate>1437394339</a:CreationDate>\r\n<a:Creator>sngos</a:Creator>\r\n<a:ModificationDate>1437394339</a:ModificationDate>\r\n<a:Modifier>sngos</a:Modifier>\r\n<a:UseParentNamespace>0</a:UseParentNamespace>\r\n</o:Class>\r\n<o:Class Id=\"o70\">\r\n<a:ObjectID>CB133EB3-4A1F-431B-853E-E22F8BABF4A8</a:ObjectID>\r\n<a:Name>Organisation</a:Name>\r\n<a:Code>Organisation</a:Code>\r\n<a:CreationDate>1437407048</a:CreationDate>\r\n<a:Creator>sngos</a:Creator>\r\n<a:ModificationDate>1437407247</a:ModificationDate>\r\n<a:Modifier>sngos</a:Modifier>\r\n<a:UseParentNamespace>0</a:UseParentNamespace>\r\n<c:Attributes>\r\n<o:Attribute Id=\"o141\">\r\n<a:ObjectID>C8CEEA36-B381-41D6-8D87-8795FB671C96</a:ObjectID>\r\n<a:Name>id</a:Name>\r\n<a:Code>id</a:Code>\r\n<a:CreationDate>1437407085</a:CreationDate>\r\n<a:Creator>sngos</a:Creator>\r\n<a:ModificationDate>1437407106</a:ModificationDate>\r\n<a:Modifier>sngos</a:Modifier>\r\n<a:DataType>long</a:DataType>\r\n<a:Attribute.Visibility>-</a:Attribute.Visibility>\r\n</o:Attribute>\r\n<o:Attribute Id=\"o142\">\r\n<a:ObjectID>5AA52ACB-81EA-4B4C-A81E-5EEA38D546D9</a:ObjectID>\r\n<a:Name>code</a:Name>\r\n<a:Code>code</a:Code>\r\n<a:CreationDate>1437407141</a:CreationDate>\r\n<a:Creator>sngos</a:Creator>\r\n<a:ModificationDate>1437407247</a:ModificationDate>\r\n<a:Modifier>sngos</a:Modifier>\r\n<a:DataType>String</a:DataType>\r\n<a:Attribute.Visibility>-</a:Attribute.Visibility>\r\n</o:Attribute>\r\n<o:Attribute Id=\"o143\">\r\n<a:ObjectID>7204B519-DAFF-46D5-A5A4-7828F8ED9ACD</a:ObjectID>\r\n<a:Name>adresse</a:Name>\r\n<a:Code>adresse</a:Code>\r\n<a:CreationDate>1437407141</a:CreationDate>\r\n<a:Creator>sngos</a:Creator>\r\n<a:ModificationDate>1437407247</a:ModificationDate>\r\n<a:Modifier>sngos</a:Modifier>\r\n<a:DataType>String</a:DataType>\r\n<a:Attribute.Visibility>-</a:Attribute.Visibility>\r\n</o:Attribute>\r\n<o:Attribute Id=\"o144\">\r\n<a:ObjectID>24954E95-7097-4F82-8493-63FBBE742DE3</a:ObjectID>\r\n<a:Name>telFix</a:Name>\r\n<a:Code>telFix</a:Code>\r\n<a:CreationDate>1437407141</a:CreationDate>\r\n<a:Creator>sngos</a:Creator>\r\n<a:ModificationDate>1437407247</a:ModificationDate>\r\n<a:Modifier>sngos</a:Modifier>\r\n<a:DataType>String</a:DataType>\r\n<a:Attribute.Visibility>-</a:Attribute.Visibility>\r\n</o:Attribute>\r\n<o:Attribute Id=\"o145\">\r\n<a:ObjectID>3AE2E9AF-C3FA-4063-B28C-E6E65F9FCD0E</a:ObjectID>\r\n<a:Name>telMobile</a:Name>\r\n<a:Code>telMobile</a:Code>\r\n<a:CreationDate>1437407141</a:CreationDate>\r\n<a:Creator>sngos</a:Creator>\r\n<a:ModificationDate>1437407247</a:ModificationDate>\r\n<a:Modifier>sngos</a:Modifier>\r\n<a:DataType>String</a:DataType>\r\n<a:Attribute.Visibility>-</a:Attribute.Visibility>\r\n</o:Attribute>\r\n<o:Attribute Id=\"o146\">\r\n<a:ObjectID>F15F26C9-20E7-413D-822D-62CD5A1952CB</a:ObjectID>\r\n<a:Name>ville</a:Name>\r\n<a:Code>ville</a:Code>\r\n<a:CreationDate>1437407141</a:CreationDate>\r\n<a:Creator>sngos</a:Creator>\r\n<a:ModificationDate>1437407247</a:ModificationDate>\r\n<a:Modifier>sngos</a:Modifier>\r\n<a:DataType>String</a:DataType>\r\n<a:Attribute.Visibility>-</a:Attribute.Visibility>\r\n</o:Attribute>\r\n<o:Attribute Id=\"o147\">\r\n<a:ObjectID>4E24C3FF-98CD-4C40-850C-BFEB660D9B4D</a:ObjectID>\r\n<a:Name>email</a:Name>\r\n<a:Code>email</a:Code>\r\n<a:CreationDate>1437407141</a:CreationDate>\r\n<a:Creator>sngos</a:Creator>\r\n<a:ModificationDate>1437407247</a:ModificationDate>\r\n<a:Modifier>sngos</a:Modifier>\r\n<a:DataType>String</a:DataType>\r\n<a:Attribute.Visibility>-</a:Attribute.Visibility>\r\n</o:Attribute>\r\n<o:Attribute Id=\"o148\">\r\n<a:ObjectID>0011DC18-3A23-4148-9020-C11BD846A52B</a:ObjectID>\r\n<a:Name>designation</a:Name>\r\n<a:Code>designation</a:Code>\r\n<a:CreationDate>1437407141</a:CreationDate>\r\n<a:Creator>sngos</a:Creator>\r\n<a:ModificationDate>1437407247</a:ModificationDate>\r\n<a:Modifier>sngos</a:Modifier>\r\n<a:DataType>String</a:DataType>\r\n<a:Attribute.Visibility>-</a:Attribute.Visibility>\r\n</o:Attribute>\r\n</c:Attributes>\r\n<c:Identifiers>\r\n<o:Identifier Id=\"o149\">\r\n<a:ObjectID>C52B600C-2F11-43D8-A854-A95E50E561CD</a:ObjectID>\r\n<a:Name>id</a:Name>\r\n<a:Code>id</a:Code>\r\n<a:CreationDate>1437407102</a:CreationDate>\r\n<a:Creator>sngos</a:Creator>\r\n<a:ModificationDate>1437407106</a:ModificationDate>\r\n<a:Modifier>sngos</a:Modifier>\r\n<c:Identifier.Attributes>\r\n<o:Attribute Ref=\"o141\"/>\r\n</c:Identifier.Attributes>\r\n</o:Identifier>\r\n</c:Identifiers>\r\n</o:Class>\r\n</c:Classes>\r\n<c:Associations>\r\n<o:Association Id=\"o8\">\r\n<a:ObjectID>FFC6B3E4-1B1C-4636-ACD5-39620CEA4B18</a:ObjectID>\r\n<a:Name>Comporte</a:Name>\r\n<a:Code>Comporte</a:Code>\r\n<a:CreationDate>1436520072</a:CreationDate>\r\n<a:Creator>sngos</a:Creator>\r\n<a:ModificationDate>1436520863</a:ModificationDate>\r\n<a:Modifier>sngos</a:Modifier>\r\n<a:Comment>Un immobilier peut avoir plusieurs baux</a:Comment>\r\n<a:RoleAIndicator>C</a:RoleAIndicator>\r\n<a:RoleAMultiplicity>1..1</a:RoleAMultiplicity>\r\n<a:RoleBMultiplicity>0..*</a:RoleBMultiplicity>\r\n<c:Object1>\r\n<o:Class Ref=\"o54\"/>\r\n</c:Object1>\r\n<c:Object2>\r\n<o:Class Ref=\"o53\"/>\r\n</c:Object2>\r\n</o:Association>\r\n<o:Association Id=\"o11\">\r\n<a:ObjectID>5F403924-A4FB-4CAB-B513-5D788D4AB81F</a:ObjectID>\r\n<a:Name>Association_2</a:Name>\r\n<a:Code>Association_2</a:Code>\r\n<a:CreationDate>1436523608</a:CreationDate>\r\n<a:Creator>sngos</a:Creator>\r\n<a:ModificationDate>1437391752</a:ModificationDate>\r\n<a:Modifier>sngos</a:Modifier>\r\n<a:RoleAMultiplicity>0..1</a:RoleAMultiplicity>\r\n<a:RoleBMultiplicity>0..*</a:RoleBMultiplicity>\r\n<c:Object1>\r\n<o:Class Ref=\"o53\"/>\r\n</c:Object1>\r\n<c:Object2>\r\n<o:Class Ref=\"o59\"/>\r\n</c:Object2>\r\n</o:Association>\r\n<o:Association Id=\"o18\">\r\n<a:ObjectID>00AFCF58-3663-4B27-9889-024306D81D22</a:ObjectID>\r\n<a:Name>Compte</a:Name>\r\n<a:Code>Compte</a:Code>\r\n<a:CreationDate>1436528372</a:CreationDate>\r\n<a:Creator>sngos</a:Creator>\r\n<a:ModificationDate>1437391752</a:ModificationDate>\r\n<a:Modifier>sngos</a:Modifier>\r\n<a:RoleAMultiplicity>0..1</a:RoleAMultiplicity>\r\n<a:RoleBMultiplicity>0..*</a:RoleBMultiplicity>\r\n<c:Object1>\r\n<o:Class Ref=\"o61\"/>\r\n</c:Object1>\r\n<c:Object2>\r\n<o:Class Ref=\"o58\"/>\r\n</c:Object2>\r\n</o:Association>\r\n<o:Association Id=\"o23\">\r\n<a:ObjectID>BA25E088-6A35-4BF4-BBCA-C5B6F901CEBD</a:ObjectID>\r\n<a:Name>Gere</a:Name>\r\n<a:Code>Gere</a:Code>\r\n<a:CreationDate>1436528591</a:CreationDate>\r\n<a:Creator>sngos</a:Creator>\r\n<a:ModificationDate>1436528653</a:ModificationDate>\r\n<a:Modifier>sngos</a:Modifier>\r\n<a:RoleAMultiplicity>0..1</a:RoleAMultiplicity>\r\n<a:RoleBMultiplicity>0..*</a:RoleBMultiplicity>\r\n<c:Object1>\r\n<o:Class Ref=\"o54\"/>\r\n</c:Object1>\r\n<c:Object2>\r\n<o:Class Ref=\"o58\"/>\r\n</c:Object2>\r\n</o:Association>\r\n<o:Association Id=\"o26\">\r\n<a:ObjectID>63727A0B-0173-406F-AE8A-F8B2C90B6C15</a:ObjectID>\r\n<a:Name>Association_5</a:Name>\r\n<a:Code>Association_5</a:Code>\r\n<a:CreationDate>1436543777</a:CreationDate>\r\n<a:Creator>sngos</a:Creator>\r\n<a:ModificationDate>1436543818</a:ModificationDate>\r\n<a:Modifier>sngos</a:Modifier>\r\n<a:RoleAIndicator>C</a:RoleAIndicator>\r\n<a:RoleAMultiplicity>1..1</a:RoleAMultiplicity>\r\n<a:RoleBMultiplicity>1..*</a:RoleBMultiplicity>\r\n<c:Object1>\r\n<o:Class Ref=\"o53\"/>\r\n</c:Object1>\r\n<c:Object2>\r\n<o:Class Ref=\"o63\"/>\r\n</c:Object2>\r\n</o:Association>\r\n<o:Association Id=\"o29\">\r\n<a:ObjectID>24CFD8E5-1F56-4D53-85C6-8A8867E6A11F</a:ObjectID>\r\n<a:Name>Association_6</a:Name>\r\n<a:Code>Association_6</a:Code>\r\n<a:CreationDate>1436780612</a:CreationDate>\r\n<a:Creator>sngos</a:Creator>\r\n<a:ModificationDate>1437391752</a:ModificationDate>\r\n<a:Modifier>sngos</a:Modifier>\r\n<a:RoleAMultiplicity>0..1</a:RoleAMultiplicity>\r\n<a:RoleBMultiplicity>0..*</a:RoleBMultiplicity>\r\n<c:Object1>\r\n<o:Class Ref=\"o54\"/>\r\n</c:Object1>\r\n<c:Object2>\r\n<o:Class Ref=\"o52\"/>\r\n</c:Object2>\r\n</o:Association>\r\n<o:Association Id=\"o35\">\r\n<a:ObjectID>A5858309-6E1C-46DF-8A7D-9A4509AF1FE5</a:ObjectID>\r\n<a:Name>Association_7</a:Name>\r\n<a:Code>Association_7</a:Code>\r\n<a:CreationDate>1436801460</a:CreationDate>\r\n<a:Creator>sngos</a:Creator>\r\n<a:ModificationDate>1437391752</a:ModificationDate>\r\n<a:Modifier>sngos</a:Modifier>\r\n<a:RoleAMultiplicity>0..*</a:RoleAMultiplicity>\r\n<a:RoleBMultiplicity>0..*</a:RoleBMultiplicity>\r\n<c:Object1>\r\n<o:Class Ref=\"o53\"/>\r\n</c:Object1>\r\n<c:Object2>\r\n<o:Class Ref=\"o65\"/>\r\n</c:Object2>\r\n</o:Association>\r\n<o:Association Id=\"o41\">\r\n<a:ObjectID>ECDAAA57-3BE6-43EA-A705-2950BBE7E488</a:ObjectID>\r\n<a:Name>comporte</a:Name>\r\n<a:Code>comporte</a:Code>\r\n<a:CreationDate>1436802635</a:CreationDate>\r\n<a:Creator>sngos</a:Creator>\r\n<a:ModificationDate>1436802706</a:ModificationDate>\r\n<a:Modifier>sngos</a:Modifier>\r\n<a:RoleAIndicator>C</a:RoleAIndicator>\r\n<a:RoleAMultiplicity>1..1</a:RoleAMultiplicity>\r\n<a:RoleBMultiplicity>1..*</a:RoleBMultiplicity>\r\n<c:Object1>\r\n<o:Class Ref=\"o64\"/>\r\n</c:Object1>\r\n<c:Object2>\r\n<o:Class Ref=\"o57\"/>\r\n</c:Object2>\r\n</o:Association>\r\n<o:Association Id=\"o43\">\r\n<a:ObjectID>71EDABFA-DAB1-4894-A944-C80DA19156FA</a:ObjectID>\r\n<a:Name>appartenir</a:Name>\r\n<a:Code>appartenir</a:Code>\r\n<a:CreationDate>1436803006</a:CreationDate>\r\n<a:Creator>sngos</a:Creator>\r\n<a:ModificationDate>1436803087</a:ModificationDate>\r\n<a:Modifier>sngos</a:Modifier>\r\n<a:RoleAMultiplicity>1..1</a:RoleAMultiplicity>\r\n<a:RoleBMultiplicity>0..*</a:RoleBMultiplicity>\r\n<c:Object1>\r\n<o:Class Ref=\"o63\"/>\r\n</c:Object1>\r\n<c:Object2>\r\n<o:Class Ref=\"o52\"/>\r\n</c:Object2>\r\n</o:Association>\r\n<o:Association Id=\"o46\">\r\n<a:ObjectID>93F892B6-008C-49C3-A869-CD57B4472E90</a:ObjectID>\r\n<a:Name>attache</a:Name>\r\n<a:Code>attache</a:Code>\r\n<a:CreationDate>1437394355</a:CreationDate>\r\n<a:Creator>sngos</a:Creator>\r\n<a:ModificationDate>1437394393</a:ModificationDate>\r\n<a:Modifier>sngos</a:Modifier>\r\n<a:RoleAIndicator>A</a:RoleAIndicator>\r\n<a:RoleAMultiplicity>0..1</a:RoleAMultiplicity>\r\n<a:RoleBMultiplicity>1..*</a:RoleBMultiplicity>\r\n<c:Object1>\r\n<o:Class Ref=\"o67\"/>\r\n</c:Object1>\r\n<c:Object2>\r\n<o:Class Ref=\"o53\"/>\r\n</c:Object2>\r\n</o:Association>\r\n</c:Associations>\r\n<c:Generalizations>\r\n<o:Generalization Id=\"o49\">\r\n<a:ObjectID>A8DE3D73-124B-4444-99CB-9FB0B865C038</a:ObjectID>\r\n<a:Name>Generalisation_1</a:Name>\r\n<a:Code>Generalisation_1</a:Code>\r\n<a:CreationDate>1437407128</a:CreationDate>\r\n<a:Creator>sngos</a:Creator>\r\n<a:ModificationDate>1437407128</a:ModificationDate>\r\n<a:Modifier>sngos</a:Modifier>\r\n<c:Object1>\r\n<o:Class Ref=\"o70\"/>\r\n</c:Object1>\r\n<c:Object2>\r\n<o:Class Ref=\"o52\"/>\r\n</c:Object2>\r\n</o:Generalization>\r\n<o:Generalization Id=\"o51\">\r\n<a:ObjectID>6660FBB3-1D4E-4CA1-A28C-BDC9316BB07E</a:ObjectID>\r\n<a:Name>Generalisation_2</a:Name>\r\n<a:Code>Generalisation_2</a:Code>\r\n<a:CreationDate>1437407130</a:CreationDate>\r\n<a:Creator>sngos</a:Creator>\r\n<a:ModificationDate>1437407130</a:ModificationDate>\r\n<a:Modifier>sngos</a:Modifier>\r\n<c:Object1>\r\n<o:Class Ref=\"o70\"/>\r\n</c:Object1>\r\n<c:Object2>\r\n<o:Class Ref=\"o58\"/>\r\n</c:Object2>\r\n</o:Generalization>\r\n</c:Generalizations>\r\n<c:AssociationClassLinks>\r\n<o:AssociationClassLink Id=\"o14\">\r\n<a:ObjectID>72B7D888-DA6A-4E6F-A80C-167A59883426</a:ObjectID>\r\n<a:CreationDate>1436523641</a:CreationDate>\r\n<a:Creator>sngos</a:Creator>\r\n<a:ModificationDate>1436523641</a:ModificationDate>\r\n<a:Modifier>sngos</a:Modifier>\r\n<c:Object1>\r\n<o:Class Ref=\"o60\"/>\r\n</c:Object1>\r\n<c:Object2>\r\n<o:Association Ref=\"o11\"/>\r\n</c:Object2>\r\n</o:AssociationClassLink>\r\n<o:AssociationClassLink Id=\"o21\">\r\n<a:ObjectID>A2DFDC4C-41E7-4788-A733-865BFD01CD90</a:ObjectID>\r\n<a:CreationDate>1436528429</a:CreationDate>\r\n<a:Creator>sngos</a:Creator>\r\n<a:ModificationDate>1436528433</a:ModificationDate>\r\n<a:Modifier>sngos</a:Modifier>\r\n<c:Object1>\r\n<o:Class Ref=\"o62\"/>\r\n</c:Object1>\r\n<c:Object2>\r\n<o:Association Ref=\"o18\"/>\r\n</c:Object2>\r\n</o:AssociationClassLink>\r\n<o:AssociationClassLink Id=\"o32\">\r\n<a:ObjectID>213D55DF-1CDF-4A97-A044-EF8DBDE82219</a:ObjectID>\r\n<a:CreationDate>1436780643</a:CreationDate>\r\n<a:Creator>sngos</a:Creator>\r\n<a:ModificationDate>1436780651</a:ModificationDate>\r\n<a:Modifier>sngos</a:Modifier>\r\n<c:Object1>\r\n<o:Class Ref=\"o57\"/>\r\n</c:Object1>\r\n<c:Object2>\r\n<o:Association Ref=\"o29\"/>\r\n</c:Object2>\r\n</o:AssociationClassLink>\r\n<o:AssociationClassLink Id=\"o38\">\r\n<a:ObjectID>8A168813-FA8C-4028-9058-C6BF71895A62</a:ObjectID>\r\n<a:CreationDate>1436801463</a:CreationDate>\r\n<a:Creator>sngos</a:Creator>\r\n<a:ModificationDate>1436801485</a:ModificationDate>\r\n<a:Modifier>sngos</a:Modifier>\r\n<c:Object1>\r\n<o:Class Ref=\"o66\"/>\r\n</c:Object1>\r\n<c:Object2>\r\n<o:Association Ref=\"o35\"/>\r\n</c:Object2>\r\n</o:AssociationClassLink>\r\n</c:AssociationClassLinks>\r\n<c:TargetModels>\r\n<o:TargetModel Id=\"o150\">\r\n<a:ObjectID>99CAF3C3-AD2F-4E5D-A290-B70A3C0F3C34</a:ObjectID>\r\n<a:Name>Analyse</a:Name>\r\n<a:Code>Analysis</a:Code>\r\n<a:CreationDate>1436519924</a:CreationDate>\r\n<a:Creator>sngos</a:Creator>\r\n<a:ModificationDate>1436519924</a:ModificationDate>\r\n<a:Modifier>sngos</a:Modifier>\r\n<a:TargetModelURL>file:///%_OBJLANG%/analysis.xol</a:TargetModelURL>\r\n<a:TargetModelID>87317290-AF03-469F-BC1E-99593F18A4AB</a:TargetModelID>\r\n<a:TargetModelClassID>1811206C-1A4B-11D1-83D9-444553540000</a:TargetModelClassID>\r\n<c:SessionShortcuts>\r\n<o:Shortcut Ref=\"o3\"/>\r\n</c:SessionShortcuts>\r\n</o:TargetModel>\r\n</c:TargetModels>\r\n</o:Model>\r\n</c:Children>\r\n</o:RootObject>\r\n\r\n</Model>',NULL,'anonymousUser','2015-07-29 14:52:25','anonymousUser','2015-07-29 14:52:25',1,0);

/*Table structure for table `t_city` */

DROP TABLE IF EXISTS `t_city`;

CREATE TABLE `t_city` (
  `id` bigint(20) NOT NULL AUTO_INCREMENT,
  `code` varchar(10) NOT NULL,
  `name` varchar(60) NOT NULL,
  `description` varchar(255) DEFAULT NULL,
  `version` int(11) NOT NULL,
  `created_by` varchar(50) NOT NULL,
  `created_date` timestamp NOT NULL ON UPDATE CURRENT_TIMESTAMP,
  `last_modified_by` varchar(50) NOT NULL,
  `last_modified_date` timestamp NOT NULL,
  PRIMARY KEY (`id`)
) ENGINE=InnoDB AUTO_INCREMENT=4 DEFAULT CHARSET=utf8;

/*Data for the table `t_city` */

insert  into `t_city`(`id`,`code`,`name`,`description`,`version`,`created_by`,`created_date`,`last_modified_by`,`last_modified_date`) values (1,'001','Yaound','Une ville du cameroun',0,'anonymousUser','2015-07-18 22:47:46','anonymousUser','2015-07-18 22:47:46'),(2,'002','Douala','La ville de Douala',0,'anonymousUser','2015-08-03 11:46:53','anonymousUser','2015-08-03 11:46:53'),(3,'003','Bafoussam','La ville de Bafoussam',0,'anonymousUser','2017-01-26 13:06:28','anonymousUser','2017-01-26 13:06:18');

/*Table structure for table `t_comment` */

DROP TABLE IF EXISTS `t_comment`;

CREATE TABLE `t_comment` (
  `id` bigint(20) NOT NULL AUTO_INCREMENT,
  `created_by` varchar(50) NOT NULL,
  `created_date` timestamp NOT NULL DEFAULT CURRENT_TIMESTAMP,
  `last_modified_by` varchar(50) DEFAULT NULL,
  `last_modified_date` timestamp NULL DEFAULT NULL,
  `name` varchar(60) NOT NULL,
  `email` varchar(30) DEFAULT NULL,
  `telephone` varchar(30) NOT NULL,
  `value` varchar(255) NOT NULL,
  `taxi_driver_id` bigint(20) NOT NULL,
  PRIMARY KEY (`id`),
  KEY `fk_comment_taxi_driver_id` (`taxi_driver_id`),
  CONSTRAINT `fk_comment_taxi_driver_id` FOREIGN KEY (`taxi_driver_id`) REFERENCES `t_taxi_driver` (`id`)
) ENGINE=InnoDB DEFAULT CHARSET=utf8;

/*Data for the table `t_comment` */

/*Table structure for table `t_conduire` */

DROP TABLE IF EXISTS `t_conduire`;

CREATE TABLE `t_conduire` (
  `id` bigint(20) NOT NULL AUTO_INCREMENT,
  `tutilaire` bit(1) NOT NULL,
  `date_debut` date NOT NULL,
  `date_fin` date DEFAULT NULL,
  `raison_retrait` varchar(255) NOT NULL,
  `created_by` varchar(50) NOT NULL,
  `created_date` timestamp NOT NULL ON UPDATE CURRENT_TIMESTAMP,
  `last_modified_by` varchar(50) NOT NULL,
  `last_modified_date` timestamp NOT NULL,
  `taxi_driver_id` bigint(20) NOT NULL,
  `vehicule_id` bigint(20) NOT NULL,
  PRIMARY KEY (`id`),
  KEY `fk_conduire_taxi_driver_id` (`taxi_driver_id`),
  KEY `fk_conduire_vehicule_id` (`vehicule_id`),
  CONSTRAINT `fk_conduire_taxi_driver_id` FOREIGN KEY (`taxi_driver_id`) REFERENCES `t_taxi_driver` (`id`),
  CONSTRAINT `fk_conduire_vehicule_id` FOREIGN KEY (`vehicule_id`) REFERENCES `t_vehicule` (`id`)
) ENGINE=InnoDB DEFAULT CHARSET=utf8;

/*Data for the table `t_conduire` */

/*Table structure for table `t_organisation` */

DROP TABLE IF EXISTS `t_organisation`;

CREATE TABLE `t_organisation` (
  `id` bigint(20) NOT NULL AUTO_INCREMENT,
  `code` varchar(10) NOT NULL,
  `designation` varchar(255) NOT NULL,
  `description` varchar(255) DEFAULT NULL,
  `abreviation` varchar(155) NOT NULL,
  `version` int(11) NOT NULL,
  `created_by` varchar(255) NOT NULL,
  `created_date` timestamp NOT NULL ON UPDATE CURRENT_TIMESTAMP,
  `last_modified_by` varchar(255) NOT NULL,
  `last_modified_date` timestamp NOT NULL,
  `logo` longblob,
  `logo_content_type` varchar(255) DEFAULT NULL,
  `NATURE` varchar(30) DEFAULT NULL,
  `SERIAL_NUMBER` varchar(150) DEFAULT NULL,
  PRIMARY KEY (`id`),
  UNIQUE KEY `idx_organisation_serial_number` (`SERIAL_NUMBER`)
) ENGINE=InnoDB AUTO_INCREMENT=4 DEFAULT CHARSET=utf8;

/*Data for the table `t_organisation` */

insert  into `t_organisation`(`id`,`code`,`designation`,`description`,`abreviation`,`version`,`created_by`,`created_date`,`last_modified_by`,`last_modified_date`,`logo`,`logo_content_type`,`NATURE`,`SERIAL_NUMBER`) values (1,'001','SYNDICAT DES TAXIMAN Yaounde','Une organisation cre le 30 mai 2001  Yaound','SYTAYDE',1,'anonymousUser','2017-01-26 12:56:09','anonymousUser','2015-07-31 16:15:53',NULL,NULL,NULL,NULL),(2,'000','ADMINISTRATION TAXI','Gestion du socle','GESS',1,'anonymousUser','2017-01-24 20:58:19','anonymousUser','2017-01-02 00:00:00',NULL,NULL,'SOCLE',NULL),(3,'002','SYNDICAT DES TAXIMAN Douala','Une organisation cre le 30 mai 2001  Yaound','SYTADLA',1,'anonymousUser','2017-01-26 12:56:20','anonymousUser','2017-01-26 12:56:24',NULL,NULL,NULL,NULL);

/*Table structure for table `t_passager` */

DROP TABLE IF EXISTS `t_passager`;

CREATE TABLE `t_passager` (
  `id` bigint(20) NOT NULL AUTO_INCREMENT,
  `phone` varchar(35) NOT NULL,
  `nom_prenom` varchar(255) NOT NULL,
  `lieu_arrive` varchar(255) NOT NULL,
  `lieu_depart` varchar(255) DEFAULT NULL,
  `latitude` decimal(10,2) DEFAULT NULL,
  `longitude` decimal(10,2) DEFAULT NULL,
  `divers` longtext,
  `phone_imei` varchar(255) DEFAULT NULL,
  `phone_serial_number` varchar(255) DEFAULT NULL,
  `created_by` varchar(50) NOT NULL,
  `created_date` timestamp NOT NULL ON UPDATE CURRENT_TIMESTAMP,
  `last_modified_by` varchar(50) NOT NULL,
  `last_modified_date` timestamp NOT NULL,
  `taxi_driver_id` bigint(20) DEFAULT NULL,
  `version` int(11) NOT NULL,
  PRIMARY KEY (`id`),
  KEY `fk_passager_taxi_driver_id` (`taxi_driver_id`),
  CONSTRAINT `fk_passager_taxi_driver_id` FOREIGN KEY (`taxi_driver_id`) REFERENCES `t_taxi_driver` (`id`)
) ENGINE=InnoDB AUTO_INCREMENT=237 DEFAULT CHARSET=utf8;

/*Data for the table `t_passager` */

insert  into `t_passager`(`id`,`phone`,`nom_prenom`,`lieu_arrive`,`lieu_depart`,`latitude`,`longitude`,`divers`,`phone_imei`,`phone_serial_number`,`created_by`,`created_date`,`last_modified_by`,`last_modified_date`,`taxi_driver_id`,`version`) values (1,'696802218','TAMO MIGUELLE','Poste centrale','TKC','1245.37','2563.37',NULL,NULL,NULL,'anonymousUser','2015-11-29 23:55:18','anonymousUser','2015-11-29 23:55:18',1,0),(2,'674099619','Daniel','gendarmerie nationale','ecole de poste ','0.00','0.00','ce254cm , Toyota, numro portire 236',NULL,NULL,'anonymousUser','2015-12-04 16:49:34','anonymousUser','2015-12-04 16:49:34',1,0),(3,'674099619','Daniel','gendarmerie nationale','ecole de poste ','0.00','0.00','ce254cm , Toyota, numro portire 236',NULL,NULL,'anonymousUser','2015-12-04 16:48:59','anonymousUser','2015-12-04 16:48:59',1,0),(4,'674099619','Daniel','gendarmerie nationale','ecole de poste ','0.00','0.00','ce254cm , Toyota, numro portire 236',NULL,NULL,'anonymousUser','2015-12-04 16:49:34','anonymousUser','2015-12-04 16:49:34',1,0),(5,'674099619','Daniel','gendarmerie nationale','ecole de poste ','0.00','0.00','ce254cm , Toyota, numro portire 236',NULL,NULL,'anonymousUser','2015-12-04 16:49:34','anonymousUser','2015-12-04 16:49:34',1,0),(6,'567896788','Jrmie','gendarmerie nationale','cole de poste','0.00','0.00','ce1234cm',NULL,NULL,'anonymousUser','2015-12-04 16:53:55','anonymousUser','2015-12-04 16:53:55',3,0),(7,'674099616','Pewo Daniel','cole de poste','Mokolo','0.00','0.00','ce456ou','356821057505413',NULL,'anonymousUser','2016-10-04 02:22:53','anonymousUser','2016-10-04 02:22:53',21,0),(8,'674099619','AKONO AKONO','EKOUNOU','POSTE','0.00','0.00','CE-1565-OU, Toyota, 2561','000000000000000',NULL,'anonymousUser','2016-10-04 02:45:35','anonymousUser','2016-10-04 02:45:35',12,0),(9,'678906543','test','test','test','0.00','0.00','Ok','356821057505413',NULL,'anonymousUser','2016-10-04 07:50:49','anonymousUser','2016-10-04 07:50:49',12,0),(10,'677742324','guy','mokolo','melen','0.00','0.00','toyota','356038071540306',NULL,'anonymousUser','2016-10-04 10:35:17','anonymousUser','2016-10-04 10:35:17',18,0),(11,'674503469','Jrmie','Douala','Yaound','0.00','0.00','Toyota',NULL,NULL,'anonymousUser','2016-10-04 14:44:32','anonymousUser','2016-10-04 14:44:32',10,0),(12,'674503469','NGUETSOP','Ngoa-ekele','MBALLA 2','0.00','0.00','Toyota',NULL,NULL,'anonymousUser','2016-10-05 15:54:32','anonymousUser','2016-10-05 15:54:32',18,0),(13,'674099619','Fouomene','Poste','Crtv','0.00','0.00','ce 566 ou','356821057505413',NULL,'anonymousUser','2016-10-05 15:57:19','anonymousUser','2016-10-05 15:57:19',12,0),(14,'355','Ok','Ok','Ok','0.00','0.00','Ok','356821057505413',NULL,'anonymousUser','2016-10-09 18:16:31','anonymousUser','2016-10-09 18:16:31',1,0),(15,'674099665','kilo','ggh','hum','0.00','0.00','hhgg','356821057505413',NULL,'anonymousUser','2016-10-09 18:46:21','anonymousUser','2016-10-09 18:46:21',1,0),(16,'674099665','kilo','ggh','hum','0.00','0.00','hhgg','356821057505413',NULL,'anonymousUser','2016-10-09 18:46:24','anonymousUser','2016-10-09 18:46:24',1,0),(17,'653332626','','','','0.00','0.00','','357954064016485',NULL,'anonymousUser','2016-10-11 19:54:08','anonymousUser','2016-10-11 19:54:08',1,0),(18,'653332626','','','','0.00','0.00','','357954064016485',NULL,'anonymousUser','2016-10-11 19:54:08','anonymousUser','2016-10-11 19:54:08',1,0),(19,'693926622','Obama ','mendong','odja ','0.00','0.00','','359092054082841',NULL,'anonymousUser','2016-10-21 01:08:59','anonymousUser','2016-10-21 01:08:59',1,0),(20,'693926622','Obama ','mendong','odja ','0.00','0.00','','359092054082841',NULL,'anonymousUser','2016-10-21 01:11:06','anonymousUser','2016-10-21 01:11:06',1,0),(21,'693926622','Obama ','mendong','odja','0.00','0.00','ce205DD','359092054082841',NULL,'anonymousUser','2016-10-21 14:41:32','anonymousUser','2016-10-21 14:41:32',1,0),(22,'693926622','Obama ','mendong','odja','0.00','0.00','ce205DD','359092054082841',NULL,'anonymousUser','2016-10-21 14:42:01','anonymousUser','2016-10-21 14:42:01',1,0),(23,'691518008','Agbormbuoh Brithel Ebai','SCB Bonanjo','Ancien depot de planche cite cicam','0.00','0.00','5328','359761071742492',NULL,'anonymousUser','2016-10-24 07:47:04','anonymousUser','2016-10-24 07:47:04',1,0),(24,'674099619','Fouomene','cole de poste','Esso','0.00','0.00','376yde,  Toyota Starlette','356821057505413',NULL,'anonymousUser','2016-10-29 00:31:57','anonymousUser','2016-10-29 00:31:57',1,0),(25,'93994356','geovania ','','','0.00','0.00','','355785051991401',NULL,'anonymousUser','2016-11-03 01:25:47','anonymousUser','2016-11-03 01:25:47',1,0),(26,'93994356','geivania olivera silva ','','','0.00','0.00','','355785051991401',NULL,'anonymousUser','2016-11-04 00:19:36','anonymousUser','2016-11-04 00:19:36',1,0),(27,'675181888','Kouodjip','mendong','melen 8','0.00','0.00','ce 0558 z','354239075065082',NULL,'anonymousUser','2016-11-08 17:36:12','anonymousUser','2016-11-08 17:36:12',1,0),(28,'675181888','Kouodjip','mendong','melen 8','0.00','0.00','ce 0558 z','354239075065082',NULL,'anonymousUser','2016-11-08 17:37:05','anonymousUser','2016-11-08 17:37:05',1,0),(29,'677736618','David','essos ben le boucher','etoudi ancien 6e','0.00','0.00','','356038071616007',NULL,'anonymousUser','2016-11-09 08:27:20','anonymousUser','2016-11-09 08:27:20',1,0),(30,'677736618','David','essos ben le boucher','etoudi ancien 6e','0.00','0.00','Volkswagen, CE 899 HT','356038071616007',NULL,'anonymousUser','2016-11-09 08:29:41','anonymousUser','2016-11-09 08:29:41',1,0),(31,'677736618','David','essos ben le boucher','etoudi ancien 6e','0.00','0.00','Volkswagen, CE 899 HT','356038071616007',NULL,'anonymousUser','2016-11-09 08:29:56','anonymousUser','2016-11-09 08:29:56',1,0),(32,'676241562','KAMGANG Jrme','poste centrale','Melen','0.00','0.00','Toyota','355258062788281',NULL,'anonymousUser','2016-11-09 10:37:57','anonymousUser','2016-11-09 10:37:57',1,0),(33,'242896124','Ilopa ','carrefour Nkoabang ','htel du plateau ','0.00','0.00','1334','A100001D83FA2F',NULL,'anonymousUser','2016-11-10 08:27:26','anonymousUser','2016-11-10 08:27:26',1,0),(34,'697075588','armed','tsinga','omisport','0.00','0.00','','356116050533615',NULL,'anonymousUser','2016-11-13 14:45:29','anonymousUser','2016-11-13 14:45:29',1,0),(35,'696560773','yanga eboa Martine chrie ','Odza -auberge bleue ','carrefour iptec','0.00','0.00','','352771087403408',NULL,'anonymousUser','2016-11-14 18:52:40','anonymousUser','2016-11-14 18:52:40',1,0),(36,'+23773035777','TAMOYEM DZOYEM ELIE','MBOUDA','YAOUND','0.00','0.00','CE 116 GP','352509074767645',NULL,'anonymousUser','2016-11-15 22:41:03','anonymousUser','2016-11-15 22:41:03',1,0),(37,'+23773035777','TAMOYEM DZOYEM ELIE','MBOUDA','YAOUND','0.00','0.00','CE 116 GP','352509074767645',NULL,'anonymousUser','2016-11-15 22:41:03','anonymousUser','2016-11-15 22:41:03',1,0),(38,'089647193726','repi','indonesia','indonesia','0.00','0.00','tirca','358289060840151',NULL,'anonymousUser','2016-11-17 08:43:26','anonymousUser','2016-11-17 08:43:26',1,0),(39,'089647193726','repi','indonesia','indonesia','0.00','0.00','tirca','358289060840151',NULL,'anonymousUser','2016-11-17 08:43:29','anonymousUser','2016-11-17 08:43:29',1,0),(40,'670876625','anye peter','post','damas','0.00','0.00','TOYOTA,CE458BF','352509074766282',NULL,'anonymousUser','2016-11-21 08:21:24','anonymousUser','2016-11-21 08:21:24',1,0),(41,'15666666666','15666666666','15666666666','15666666666','0.00','0.00','15666666666','354926050849775',NULL,'anonymousUser','2016-11-21 15:34:07','anonymousUser','2016-11-21 15:34:07',1,0),(42,'15666666666','15666666666','15666666666','15666666666','0.00','0.00','15666666666','354926050849775',NULL,'anonymousUser','2016-11-21 15:34:14','anonymousUser','2016-11-21 15:34:14',1,0),(43,'15666666666','15666666666','15666666666','15666666666','0.00','0.00','15666666666','354926050849775',NULL,'anonymousUser','2016-11-21 15:34:24','anonymousUser','2016-11-21 15:34:24',1,0),(44,'15666666666','15666666666','15666666666','15666666666','0.00','0.00','15666666666','354926050849775',NULL,'anonymousUser','2016-11-21 15:34:31','anonymousUser','2016-11-21 15:34:31',1,0),(45,'15666666666','15666666666','15666666666','15666666666','0.00','0.00','15666666666','354926050849775',NULL,'anonymousUser','2016-11-21 15:34:42','anonymousUser','2016-11-21 15:34:42',1,0),(46,'675573620','Pegba davy brice','','','0.00','0.00','','356038070620927',NULL,'anonymousUser','2016-12-28 08:50:38','anonymousUser','2016-12-28 08:50:38',1,0),(47,'678262308','tankeu Ulrich','bafoussam','mbouda','0.00','0.00','','356038075038224',NULL,'anonymousUser','2016-12-28 09:01:07','anonymousUser','2016-12-28 09:01:07',1,0),(48,'678262308','tankeu Ulrich','bafoussam','mbouda','0.00','0.00','','356038075038224',NULL,'anonymousUser','2016-12-28 09:01:08','anonymousUser','2016-12-28 09:01:08',1,0),(49,'697374302','mvom','suprette','omnisport','0.00','0.00',' ','358144060110016',NULL,'anonymousUser','2016-12-28 16:59:03','anonymousUser','2016-12-28 16:59:03',1,0),(50,'697374302','mvom','suprette','omnisport','0.00','0.00',' ','358144060110016',NULL,'anonymousUser','2016-12-28 17:00:08','anonymousUser','2016-12-28 17:00:08',1,0),(51,'697374302','mvom','suprette','omnisport','0.00','0.00',' ','358144060110016',NULL,'anonymousUser','2016-12-28 17:00:10','anonymousUser','2016-12-28 17:00:10',1,0),(52,'697374302','mvom','suprette','omnisport','0.00','0.00',' ','358144060110016',NULL,'anonymousUser','2016-12-28 17:00:11','anonymousUser','2016-12-28 17:00:11',1,0),(53,'674575731','kamguia ','terminus mimboman','nkomo','0.00','0.00','\n\n','353656071716221',NULL,'anonymousUser','2016-12-28 22:20:25','anonymousUser','2016-12-28 22:20:25',1,0),(54,'674575731','kamguia ','terminus mimboman','nkomo','0.00','0.00','\n\n','353656071716221',NULL,'anonymousUser','2016-12-28 22:20:25','anonymousUser','2016-12-28 22:20:25',1,0),(55,'678262308','tankeu','bafoussam','mbouda','0.00','0.00','02\n','356038075038224',NULL,'anonymousUser','2016-12-29 12:26:47','anonymousUser','2016-12-29 12:26:47',1,0),(56,'658233','tonton','douala','yaounde','0.00','0.00','Toyota','356821057505413',NULL,'anonymousUser','2016-12-31 18:05:40','anonymousUser','2016-12-31 18:05:40',12,0),(57,'676956092','ghagne alassa','rond point express','quartier fouda','0.00','0.00','','864045020716338',NULL,'anonymousUser','2017-01-03 13:10:47','anonymousUser','2017-01-03 13:10:47',1,0),(58,'674099619','Meye Etoundi Paul','Quartier Fouda','cole Normal Yaounde','0.00','0.00','235 Yde3, Toyota, CE1235D','356821057505413',NULL,'anonymousUser','2017-01-04 18:05:50','anonymousUser','2017-01-04 18:05:50',12,0),(59,'673882823','nji ernest','bafut','bamenda','0.00','0.00','toyota','356038070719000',NULL,'anonymousUser','2017-01-04 20:05:18','anonymousUser','2017-01-04 20:05:18',1,0),(60,'673882823','nji ernest','bafut','bamenda','0.00','0.00','toyota','356038070719000',NULL,'anonymousUser','2017-01-04 20:05:19','anonymousUser','2017-01-04 20:05:19',1,0),(61,'673882823','nji ernest','bafut','bamenda','0.00','0.00','toyota','356038070719000',NULL,'anonymousUser','2017-01-04 20:05:21','anonymousUser','2017-01-04 20:05:21',1,0),(62,'673882823','nji ernest','bafut','bamenda','0.00','0.00','toyota','356038070719000',NULL,'anonymousUser','2017-01-04 20:05:21','anonymousUser','2017-01-04 20:05:21',1,0),(63,'673882823','nji ernest','bafut','bamenda','0.00','0.00','toyota','356038070719000',NULL,'anonymousUser','2017-01-04 20:05:22','anonymousUser','2017-01-04 20:05:22',1,0),(64,'673882823','nji ernest','bafut','bamenda','0.00','0.00','toyota','356038070719000',NULL,'anonymousUser','2017-01-04 20:05:28','anonymousUser','2017-01-04 20:05:28',1,0),(65,'673882823','nji ernest','bafut','bamenda','0.00','0.00','toyota','356038070719000',NULL,'anonymousUser','2017-01-04 20:05:29','anonymousUser','2017-01-04 20:05:29',1,0),(66,'673882823','nji ernest','bafut','bamenda','0.00','0.00','toyota','356038070719000',NULL,'anonymousUser','2017-01-04 20:05:30','anonymousUser','2017-01-04 20:05:30',1,0),(67,'673882823','nji ernest','bafut','bamenda','0.00','0.00','toyota','356038070719000',NULL,'anonymousUser','2017-01-04 20:05:30','anonymousUser','2017-01-04 20:05:30',1,0),(68,'673882823','nji ernest','bafut','bamenda','0.00','0.00','toyota','356038070719000',NULL,'anonymousUser','2017-01-04 20:05:31','anonymousUser','2017-01-04 20:05:31',1,0),(69,'673882823','nji ernest','bafut','bamenda','0.00','0.00','toyota','356038070719000',NULL,'anonymousUser','2017-01-04 20:05:31','anonymousUser','2017-01-04 20:05:31',1,0),(70,'673882823','nji ernest','bafut','bamenda','0.00','0.00','toyota','356038070719000',NULL,'anonymousUser','2017-01-04 20:05:32','anonymousUser','2017-01-04 20:05:32',1,0),(71,'673882823','nji ernest','bafut','bamenda','0.00','0.00','toyota','356038070719000',NULL,'anonymousUser','2017-01-04 20:05:33','anonymousUser','2017-01-04 20:05:33',1,0),(72,'671513641','Jacob','','','0.00','0.00','5684','359408060494707',NULL,'anonymousUser','2017-01-04 20:18:51','anonymousUser','2017-01-04 20:18:51',1,0),(73,'671513641','Jacob','','','0.00','0.00','5684','359408060494707',NULL,'anonymousUser','2017-01-04 20:18:51','anonymousUser','2017-01-04 20:18:51',1,0),(74,'94167218','Matou ','Hard','dimayo','0.00','0.00','','352377071553081',NULL,'anonymousUser','2017-01-04 20:51:35','anonymousUser','2017-01-04 20:51:35',1,0),(75,'94167218','Matou ','Hard','dimayo','0.00','0.00','','352377071553081',NULL,'anonymousUser','2017-01-04 20:51:35','anonymousUser','2017-01-04 20:51:35',1,0),(76,'94167218','Matou ','Hard','dimayo','0.00','0.00','','352377071553081',NULL,'anonymousUser','2017-01-04 20:51:35','anonymousUser','2017-01-04 20:51:35',1,0),(77,'94167218','Matou ','Hard','dimayo','0.00','0.00','','352377071553081',NULL,'anonymousUser','2017-01-04 20:51:35','anonymousUser','2017-01-04 20:51:35',1,0),(78,'94167218','Matou ','Hard','dimayo','0.00','0.00','','352377071553081',NULL,'anonymousUser','2017-01-04 20:51:35','anonymousUser','2017-01-04 20:51:35',1,0),(79,'678740742','jol','etoudi','emana','0.00','0.00','','353029080441522',NULL,'anonymousUser','2017-01-04 20:52:27','anonymousUser','2017-01-04 20:52:27',1,0),(80,'674473609','','','','0.00','0.00','','356038074596206',NULL,'anonymousUser','2017-01-04 20:52:45','anonymousUser','2017-01-04 20:52:45',1,0),(81,'674473609','','','','0.00','0.00','','356038074596206',NULL,'anonymousUser','2017-01-04 20:52:52','anonymousUser','2017-01-04 20:52:52',1,0),(82,'698288175','yannick','simeyong','ngousso','0.00','0.00','123','359702051675039',NULL,'anonymousUser','2017-01-04 20:52:55','anonymousUser','2017-01-04 20:52:55',1,0),(83,'97227225','amougou alain','mvan','bastos','0.00','0.00','','352167057570583',NULL,'anonymousUser','2017-01-04 20:53:55','anonymousUser','2017-01-04 20:53:55',1,0),(84,'6750701488','Tchamani Gabriel ','Biteng nkomo ','mendong','0.00','0.00','515','352262070903661',NULL,'anonymousUser','2017-01-04 20:54:37','anonymousUser','2017-01-04 20:54:37',1,0),(85,'673028410','kenfack dongmo franck marcel','biyem-assie ','simbock ','0.00','0.00','Toyota ','355637072150568',NULL,'anonymousUser','2017-01-04 20:58:24','anonymousUser','2017-01-04 20:58:24',1,0),(86,'673028410','kenfack dongmo franck marcel','biyem-assie ','simbock ','0.00','0.00','Toyota ','355637072150568',NULL,'anonymousUser','2017-01-04 20:58:25','anonymousUser','2017-01-04 20:58:25',1,0),(87,'691588583','amina','domayo','lopere','0.00','0.00','002','911253050103772',NULL,'anonymousUser','2017-01-04 20:59:31','anonymousUser','2017-01-04 20:59:31',1,0),(88,'679642254','Benaziz ','cit vert ','etoudi ','0.00','0.00','528','358748068382268',NULL,'anonymousUser','2017-01-04 21:00:28','anonymousUser','2017-01-04 21:00:28',1,0),(89,'690160799','zeh','melen','mvan','0.00','0.00','9082','358049046885195',NULL,'anonymousUser','2017-01-04 21:10:24','anonymousUser','2017-01-04 21:10:24',1,0),(90,'690160799','zeh','melen','mvan','0.00','0.00','9082','358049046885195',NULL,'anonymousUser','2017-01-04 21:10:26','anonymousUser','2017-01-04 21:10:26',1,0),(91,'690160799','kadari','','','0.00','0.00','','358049046885195',NULL,'anonymousUser','2017-01-04 21:16:46','anonymousUser','2017-01-04 21:16:46',1,0),(92,'697476612','Yakan herve bertrand','soa','nkolbisson','0.00','0.00','CE068','357954063776121',NULL,'anonymousUser','2017-01-04 21:58:38','anonymousUser','2017-01-04 21:58:38',1,0),(93,'697476612','Yakan herve bertrand','soa','nkolbisson','0.00','0.00','CE068','357954063776121',NULL,'anonymousUser','2017-01-04 21:58:39','anonymousUser','2017-01-04 21:58:39',1,0),(94,'+237673975001','tabot ako clinton','buea town','molyko','0.00','0.00','Toyota ','863439021933938',NULL,'anonymousUser','2017-01-05 01:18:57','anonymousUser','2017-01-05 01:18:57',1,0),(95,'+237673975001','tabot ako clinton','buea town','molyko','0.00','0.00','Toyota ','863439021933938',NULL,'anonymousUser','2017-01-05 01:18:58','anonymousUser','2017-01-05 01:18:58',1,0),(96,'696137404','ndjemena anatole Fabrice','mimboman-terminus','mvan','0.00','0.00','ac23','352256081371223',NULL,'anonymousUser','2017-01-05 04:45:10','anonymousUser','2017-01-05 04:45:10',1,0),(97,'696038226','Dominique ELOKA','Calafatas','Prison Kondengui','0.00','0.00','CE915AW','357262077011380',NULL,'anonymousUser','2017-01-05 07:39:18','anonymousUser','2017-01-05 07:39:18',1,0),(98,'696038226','Dominique ELOKA','Calafatas','Prison Kondengui','0.00','0.00','CE915AW','357262077011380',NULL,'anonymousUser','2017-01-05 07:39:29','anonymousUser','2017-01-05 07:39:29',1,0),(99,'696038226','Dominique ELOKA','Calafatas','Prison Kondengui','0.00','0.00','CE915AW','357262077011380',NULL,'anonymousUser','2017-01-05 07:39:29','anonymousUser','2017-01-05 07:39:29',1,0),(100,'696038226','Dominique ELOKA','Calafatas','Prison Kondengui','0.00','0.00','CE915AW','357262077011380',NULL,'anonymousUser','2017-01-05 07:39:29','anonymousUser','2017-01-05 07:39:29',1,0),(101,'699326650','Benaziz ','cit vert ','tongolo ','0.00','0.00','254','358748068382268',NULL,'anonymousUser','2017-01-05 08:22:24','anonymousUser','2017-01-05 08:22:24',1,0),(102,'695000048','Elimbi ekame','','','0.00','0.00','','358949056557792',NULL,'anonymousUser','2017-01-05 09:18:39','anonymousUser','2017-01-05 09:18:39',1,0),(103,'695000048','Elimbi ekame','','','0.00','0.00','','358949056557792',NULL,'anonymousUser','2017-01-05 09:18:41','anonymousUser','2017-01-05 09:18:41',1,0),(104,'+23777188070','Michel','Nkwen','Avenue commercial','0.00','0.00','0013','357213061143614',NULL,'anonymousUser','2017-01-05 11:55:59','anonymousUser','2017-01-05 11:55:59',1,0),(105,'+23777188070','Michel','Nkwen','Avenue commercial','0.00','0.00','0013','357213061143614',NULL,'anonymousUser','2017-01-05 11:55:59','anonymousUser','2017-01-05 11:55:59',1,0),(106,'655590292','kom','cariere','entre de la ville','0.00','0.00','4','358469060798266',NULL,'anonymousUser','2017-01-05 11:57:47','anonymousUser','2017-01-05 11:57:47',1,0),(107,'655590292','kom','cariere','entre de la ville','0.00','0.00','4','358469060798266',NULL,'anonymousUser','2017-01-05 11:57:47','anonymousUser','2017-01-05 11:57:47',1,0),(108,'655590292','kom','cariere','entre de la ville','0.00','0.00','4','358469060798266',NULL,'anonymousUser','2017-01-05 11:57:47','anonymousUser','2017-01-05 11:57:47',1,0),(109,'655590292','kom','cariere','entre de la ville','0.00','0.00','4','358469060798266',NULL,'anonymousUser','2017-01-05 11:57:47','anonymousUser','2017-01-05 11:57:47',1,0),(110,'655590292','kom','cariere','entre de la ville','0.00','0.00','4','358469060798266',NULL,'anonymousUser','2017-01-05 11:57:47','anonymousUser','2017-01-05 11:57:47',1,0),(111,'666303636','neye Richard enoh','bamenda','guzang','0.00','0.00','250\n\n\n\n\n\n\n\n\n\n\n\n\n\n','357899072289063',NULL,'anonymousUser','2017-01-05 13:17:41','anonymousUser','2017-01-05 13:17:41',1,0),(112,'666303636','neye Richard enoh','bamenda','guzang','0.00','0.00','250\n\n\n\n\n\n\n\n\n\n\n\n\n\n','357899072289063',NULL,'anonymousUser','2017-01-05 13:17:44','anonymousUser','2017-01-05 13:17:44',1,0),(113,'666303636','neye Richard enoh','bamenda','guzang','0.00','0.00','250\n\n\n\n\n\n\n\n\n\n\n\n\n\n','357899072289063',NULL,'anonymousUser','2017-01-05 13:17:45','anonymousUser','2017-01-05 13:17:45',1,0),(114,'690357013','Diego','Mokolo','Odza','0.00','0.00','D8053','354859077583426',NULL,'anonymousUser','2017-01-05 13:17:46','anonymousUser','2017-01-05 13:17:46',1,0),(115,'690357013','Diego','Mokolo','Odza','0.00','0.00','D8053','354859077583426',NULL,'anonymousUser','2017-01-05 13:17:46','anonymousUser','2017-01-05 13:17:46',1,0),(116,'666303636','neye Richard enoh','bamenda','guzang','0.00','0.00','250\n\n\n\n\n\n\n\n\n\n\n\n\n\n','357899072289063',NULL,'anonymousUser','2017-01-05 13:17:47','anonymousUser','2017-01-05 13:17:47',1,0),(117,'675409277','ngono anicet','mballa2','avenue kenedy','0.00','0.00','1820','354281052597760',NULL,'anonymousUser','2017-01-05 13:31:36','anonymousUser','2017-01-05 13:31:36',1,0),(118,'675409277','ngono anicet','mballa2','avenue kenedy','0.00','0.00','1820','354281052597760',NULL,'anonymousUser','2017-01-05 13:31:36','anonymousUser','2017-01-05 13:31:36',1,0),(119,'675409277','ngono anicet','mballa2','avenue kenedy','0.00','0.00','1820','354281052597760',NULL,'anonymousUser','2017-01-05 13:31:37','anonymousUser','2017-01-05 13:31:37',1,0),(120,'675409277','ngono anicet','mballa2','avenue kenedy','0.00','0.00','1820','354281052597760',NULL,'anonymousUser','2017-01-05 13:31:37','anonymousUser','2017-01-05 13:31:37',1,0),(121,'675409277','ngono anicet','mballa2','avenue kenedy','0.00','0.00','1820','354281052597760',NULL,'anonymousUser','2017-01-05 13:31:37','anonymousUser','2017-01-05 13:31:37',1,0),(122,'666086662','john che','Banenda','Douala','0.00','0.00','AD340LT','352256081382824',NULL,'anonymousUser','2017-01-05 17:33:30','anonymousUser','2017-01-05 17:33:30',1,0),(123,'666086662','john che','Banenda','Douala','0.00','0.00','AD340LT','352256081382824',NULL,'anonymousUser','2017-01-05 17:33:30','anonymousUser','2017-01-05 17:33:30',1,0),(124,'666086662','john che','Banenda','Douala','0.00','0.00','AD340LT','352256081382824',NULL,'anonymousUser','2017-01-05 17:33:34','anonymousUser','2017-01-05 17:33:34',1,0),(125,'666086662','john che','Banenda','Douala','0.00','0.00','AD340LT','352256081382824',NULL,'anonymousUser','2017-01-05 17:33:38','anonymousUser','2017-01-05 17:33:38',1,0),(126,'666086662','john che','Banenda','Douala','0.00','0.00','AD340LT','352256081382824',NULL,'anonymousUser','2017-01-05 17:33:38','anonymousUser','2017-01-05 17:33:38',1,0),(127,'666086662','john che','Banenda','Douala','0.00','0.00','AD340LT','352256081382824',NULL,'anonymousUser','2017-01-05 17:33:39','anonymousUser','2017-01-05 17:33:39',1,0),(128,'691701915','boda merlin','mobile omnisports','fouda clinique','0.00','0.00','','357965056597589',NULL,'anonymousUser','2017-01-05 18:40:53','anonymousUser','2017-01-05 18:40:53',1,0),(129,'691701915','boda merlin','mobile omnisports','fouda clinique','0.00','0.00','','357965056597589',NULL,'anonymousUser','2017-01-05 18:40:56','anonymousUser','2017-01-05 18:40:56',1,0),(130,'696038226','Dominique ELOKA','Mobile Kondengui','Capitole','0.00','0.00','','357262077011380',NULL,'anonymousUser','2017-01-05 21:12:39','anonymousUser','2017-01-05 21:12:39',1,0),(131,'673028410','kenfack dongmo franck marcel ','camp Sonel essos','simbock ','0.00','0.00','CE 340 GK','355637072150568',NULL,'anonymousUser','2017-01-06 06:41:21','anonymousUser','2017-01-06 06:41:21',1,0),(132,'696034881','Romanus','boulangerie centrale','Texaco omnisport','0.00','0.00','M2601','357835070569510',NULL,'anonymousUser','2017-01-06 08:59:41','anonymousUser','2017-01-06 08:59:41',1,0),(133,'696034881','Romanus','boulangerie centrale','Texaco omnisport','0.00','0.00','M2601','357835070569510',NULL,'anonymousUser','2017-01-06 08:59:42','anonymousUser','2017-01-06 08:59:42',1,0),(134,'695921858','Orianne Lipe ','acacias ','scalom','0.00','0.00','','358656063105768',NULL,'anonymousUser','2017-01-06 10:47:30','anonymousUser','2017-01-06 10:47:30',1,0),(135,'695921858','Orianne Lipe ','acacias ','scalom','0.00','0.00','','358656063105768',NULL,'anonymousUser','2017-01-06 10:47:32','anonymousUser','2017-01-06 10:47:32',1,0),(136,'+23778309773','Prince','mvan','Mbankolo','0.00','0.00','7168','358928062813522',NULL,'anonymousUser','2017-01-06 11:02:50','anonymousUser','2017-01-06 11:02:50',1,0),(137,'671869259','nkoo ella David willy ','ekounou impot','carrefour mvan','0.00','0.00','su1758b','359767073432206',NULL,'anonymousUser','2017-01-06 15:39:53','anonymousUser','2017-01-06 15:39:53',1,0),(138,'677818208','Atangana Charles Christian','mvan','terminus mimboman','0.00','0.00','','358073071434901',NULL,'anonymousUser','2017-01-06 16:17:32','anonymousUser','2017-01-06 16:17:32',1,0),(139,'673028410','kenfack dongmo franck marcel ','biyem-assie ','essos','0.00','0.00','5859','355637072150568',NULL,'anonymousUser','2017-01-06 16:45:13','anonymousUser','2017-01-06 16:45:13',1,0),(140,'671869259','nkoo ella David willy ','ekounou impot','carrefour mvan','0.00','0.00','','359767073432206',NULL,'anonymousUser','2017-01-06 16:46:35','anonymousUser','2017-01-06 16:46:35',1,0),(141,'655766008','abbo ismael','mobile omnisport','biyem assi','0.00','0.00','786','357766078647307',NULL,'anonymousUser','2017-01-06 17:33:04','anonymousUser','2017-01-06 17:33:04',1,0),(142,'655766008','abbo ismael','mobile omnisport','biyem assi','0.00','0.00','786','357766078647307',NULL,'anonymousUser','2017-01-06 17:33:05','anonymousUser','2017-01-06 17:33:05',1,0),(143,'655766008','abbo ismael','mobile omnisport','biyem assi','0.00','0.00','786','357766078647307',NULL,'anonymousUser','2017-01-06 17:34:11','anonymousUser','2017-01-06 17:34:11',1,0),(144,'26027437','nizar','','','0.00','0.00','','354955055061003',NULL,'anonymousUser','2017-01-08 11:22:06','anonymousUser','2017-01-08 11:22:06',1,0),(145,'26027437','nizar','','','0.00','0.00','','354955055061003',NULL,'anonymousUser','2017-01-08 11:22:06','anonymousUser','2017-01-08 11:22:06',1,0),(146,'677972392','Bernard Moussong ','bonamoussadi','centre questre bonaberi ','0.00','0.00','crains E LT 477FF','356552060194297',NULL,'anonymousUser','2017-01-08 12:42:17','anonymousUser','2017-01-08 12:42:17',1,0),(147,'677972392','Bernard Moussong ','bonamoussadi','centre questre bonaberi ','0.00','0.00','crains E LT 477FF','356552060194297',NULL,'anonymousUser','2017-01-08 12:42:20','anonymousUser','2017-01-08 12:42:20',1,0),(148,'677972392','Bernard Moussong ','bonamoussadi','centre questre bonaberi ','0.00','0.00','crains E LT 477FF','356552060194297',NULL,'anonymousUser','2017-01-08 12:42:34','anonymousUser','2017-01-08 12:42:34',1,0),(149,'677972392','Bernard Moussong ','bonamoussadi','centre questre bonaberi ','0.00','0.00','crains E LT 477FF','356552060194297',NULL,'anonymousUser','2017-01-08 12:43:40','anonymousUser','2017-01-08 12:43:40',1,0),(150,'677972392','Bernard Moussong ','bonamoussadi','centre questre bonaberi ','0.00','0.00','crains E LT 477FF','356552060194297',NULL,'anonymousUser','2017-01-08 12:43:40','anonymousUser','2017-01-08 12:43:40',1,0),(151,'677972392','Bernard Moussong ','bonamoussadi','centre questre bonaberi ','0.00','0.00','crains E LT 477FF','356552060194297',NULL,'anonymousUser','2017-01-08 12:43:40','anonymousUser','2017-01-08 12:43:40',1,0),(152,'693047256','tata amougou','soa','mokolo','0.00','0.00','','358201405631062',NULL,'anonymousUser','2017-01-09 09:19:55','anonymousUser','2017-01-09 09:19:55',1,0),(153,'697681201','','','','0.00','0.00','','866337021008247',NULL,'anonymousUser','2017-01-09 10:37:33','anonymousUser','2017-01-09 10:37:33',1,0),(154,'671668940','ce 399 fs','14','','0.00','0.00','bamenda\n','352509074799283',NULL,'anonymousUser','2017-01-09 12:18:18','anonymousUser','2017-01-09 12:18:18',1,0),(155,'674523841','Jacques ','T.Mbella ','nkomo ','0.00','0.00','C 14101 ','358137061406086',NULL,'anonymousUser','2017-01-09 13:21:22','anonymousUser','2017-01-09 13:21:22',1,0),(156,'674523841','Jacques ','T.Mbella ','nkomo ','0.00','0.00','C 14101 ','358137061406086',NULL,'anonymousUser','2017-01-09 13:21:22','anonymousUser','2017-01-09 13:21:22',1,0),(157,'674523841','Jacques ','T.Mbella ','nkomo ','0.00','0.00','C 14101 ','358137061406086',NULL,'anonymousUser','2017-01-09 13:21:22','anonymousUser','2017-01-09 13:21:22',1,0),(158,'674523841','Jacques ','T.Mbella ','nkomo ','0.00','0.00','C 14101 ','358137061406086',NULL,'anonymousUser','2017-01-09 13:21:22','anonymousUser','2017-01-09 13:21:22',1,0),(159,'699640408','Martial Etm','','','0.00','0.00','','352527030590034',NULL,'anonymousUser','2017-01-10 12:45:56','anonymousUser','2017-01-10 12:45:56',1,0),(160,'694252453','garlain','nyalla','camair co bonadjo','0.00','0.00','8856','357274078502549',NULL,'anonymousUser','2017-01-10 12:58:38','anonymousUser','2017-01-10 12:58:38',1,0),(161,'697715965','arnaud','efoulan','ngoa ekelle','0.00','0.00','100','356785062520909',NULL,'anonymousUser','2017-01-10 13:23:14','anonymousUser','2017-01-10 13:23:14',1,0),(162,'697715965','arnaud','efoulan','ngoa ekelle','0.00','0.00','100','356785062520909',NULL,'anonymousUser','2017-01-10 13:23:15','anonymousUser','2017-01-10 13:23:15',1,0),(163,'697715965','arnaud','efoulan','ngoa ekelle','0.00','0.00','100','356785062520909',NULL,'anonymousUser','2017-01-10 13:23:17','anonymousUser','2017-01-10 13:23:17',1,0),(164,'697715965','arnaud','efoulan','ngoa ekelle','0.00','0.00','100','356785062520909',NULL,'anonymousUser','2017-01-10 13:23:17','anonymousUser','2017-01-10 13:23:17',1,0),(165,'697715965','arnaud','efoulan','ngoa ekelle','0.00','0.00','100','356785062520909',NULL,'anonymousUser','2017-01-10 13:23:17','anonymousUser','2017-01-10 13:23:17',1,0),(166,'697715965','arnaud','efoulan','ngoa ekelle','0.00','0.00','100','356785062520909',NULL,'anonymousUser','2017-01-10 13:23:18','anonymousUser','2017-01-10 13:23:18',1,0),(167,'697715965','arnaud','efoulan','ngoa ekelle','0.00','0.00','100','356785062520909',NULL,'anonymousUser','2017-01-10 13:23:18','anonymousUser','2017-01-10 13:23:18',1,0),(168,'697715965','arnaud','efoulan','ngoa ekelle','0.00','0.00','100','356785062520909',NULL,'anonymousUser','2017-01-10 13:23:18','anonymousUser','2017-01-10 13:23:18',1,0),(169,'697715965','arnaud','efoulan','ngoa ekelle','0.00','0.00','100','356785062520909',NULL,'anonymousUser','2017-01-10 13:23:26','anonymousUser','2017-01-10 13:23:26',1,0),(170,'697715965','arnaud','efoulan','ngoa ekelle','0.00','0.00','100','356785062520909',NULL,'anonymousUser','2017-01-10 13:23:26','anonymousUser','2017-01-10 13:23:26',1,0),(171,'93550294','yahaya','enia','villi','0.00','0.00','7709','351664087093066',NULL,'anonymousUser','2017-01-11 15:30:22','anonymousUser','2017-01-11 15:30:22',1,0),(172,'93550294','yahaya','enia','villi','0.00','0.00','7709 toyota','351664087093066',NULL,'anonymousUser','2017-01-11 15:31:10','anonymousUser','2017-01-11 15:31:10',1,0),(173,'695921858','Lipe Orianne ','awae escalier ','Biyem-Assi Acacias ','0.00','0.00','N Portire 6028 yd 6','358656063105768',NULL,'anonymousUser','2017-01-12 11:31:18','anonymousUser','2017-01-12 11:31:18',1,0),(174,'695921858','Lipe Orianne ','awae escalier ','Biyem-Assi Acacias ','0.00','0.00','N Portire 6028 yd 6','358656063105768',NULL,'anonymousUser','2017-01-12 11:31:46','anonymousUser','2017-01-12 11:31:46',1,0),(175,'695921858','Lipe Orianne ','Biyem-Assi Acacias ','awae escalier en passant par carrefour monti ','0.00','0.00','Toyota ','358656063105768',NULL,'anonymousUser','2017-01-12 12:01:07','anonymousUser','2017-01-12 12:01:07',1,0),(176,'695921858','Lipe Orianne ','Biyem-Assi Acacias ','awae escalier en passant par carrefour monti ','0.00','0.00','Toyota ','358656063105768',NULL,'anonymousUser','2017-01-12 12:01:10','anonymousUser','2017-01-12 12:01:10',1,0),(177,'695921858','Lipe Orianne ','Biyem-Assi Acacias ','awae escalier en passant par carrefour monti ','0.00','0.00','Toyota ','358656063105768',NULL,'anonymousUser','2017-01-12 12:01:18','anonymousUser','2017-01-12 12:01:18',1,0),(178,'677164804','anapikin ','nkolbisson','Carrefour mec','0.00','0.00','','357137072765505',NULL,'anonymousUser','2017-01-12 14:06:09','anonymousUser','2017-01-12 14:06:09',1,0),(179,'677164804','anapikin ','nkolbisson','Carrefour mec','0.00','0.00','','357137072765505',NULL,'anonymousUser','2017-01-12 14:06:10','anonymousUser','2017-01-12 14:06:10',1,0),(180,'2502','kalu F','tkc','obobogo','0.00','0.00','toyota','869496020306015',NULL,'anonymousUser','2017-01-12 15:01:02','anonymousUser','2017-01-12 15:01:02',1,0),(181,'2502','kalu F','tkc','obobogo','0.00','0.00','toyota','869496020306015',NULL,'anonymousUser','2017-01-12 15:01:02','anonymousUser','2017-01-12 15:01:02',1,0),(182,'2502','kalu F','tkc','obobogo','0.00','0.00','toyota','869496020306015',NULL,'anonymousUser','2017-01-12 15:01:02','anonymousUser','2017-01-12 15:01:02',1,0),(183,'2502','kalu F','tkc','obobogo','0.00','0.00','toyota','869496020306015',NULL,'anonymousUser','2017-01-12 15:01:03','anonymousUser','2017-01-12 15:01:03',1,0),(184,'2502','kalu F','tkc','obobogo','0.00','0.00','toyota','869496020306015',NULL,'anonymousUser','2017-01-12 15:01:03','anonymousUser','2017-01-12 15:01:03',1,0),(185,'2502','kalu F','tkc','obobogo','0.00','0.00','toyota','869496020306015',NULL,'anonymousUser','2017-01-12 15:01:03','anonymousUser','2017-01-12 15:01:03',1,0),(186,'2502','kalu F','tkc','obobogo','0.00','0.00','toyota','869496020306015',NULL,'anonymousUser','2017-01-12 15:01:03','anonymousUser','2017-01-12 15:01:03',1,0),(187,'678740742','kome fotso joel','edoudi','mrs de emana','0.00','0.00','678740742\n','353029080441522',NULL,'anonymousUser','2017-01-12 21:40:05','anonymousUser','2017-01-12 21:40:05',1,0),(188,'678740742','kome fotso joel','edoudi','mrs de emana','0.00','0.00','678740742\n','353029080441522',NULL,'anonymousUser','2017-01-12 21:40:05','anonymousUser','2017-01-12 21:40:05',1,0),(189,'679113789','mvom honore berenger','mobil omnisport','camair','0.00','0.00','ce779gv','357526063204708',NULL,'anonymousUser','2017-01-13 17:47:07','anonymousUser','2017-01-13 17:47:07',1,0),(190,'679113789','mvom honore berenger','mobil omnisport','camair','0.00','0.00','ce779gv','357526063204708',NULL,'anonymousUser','2017-01-13 17:47:08','anonymousUser','2017-01-13 17:47:08',1,0),(191,'696680432','aurelien tchogou','mokolo','etoudi','0.00','0.00','','',NULL,'anonymousUser','2017-01-14 17:36:07','anonymousUser','2017-01-14 17:36:07',1,0),(192,'+237695365272','Dongmo Benjamin Landry','Logpom HIpital des Soeurs','Bependa Nouvelle route septieme','0.00','0.00','','351873059789268',NULL,'anonymousUser','2017-01-14 19:22:36','anonymousUser','2017-01-14 19:22:36',1,0),(193,'+237695365272','Dongmo Benjamin Landry','Logpom HIpital des Soeurs','Bependa Nouvelle route septieme','0.00','0.00','','351873059789268',NULL,'anonymousUser','2017-01-14 19:22:36','anonymousUser','2017-01-14 19:22:36',1,0),(194,'677164807','Anapikin Diane Larissa ','Carrefour  mec','nkolbisson','0.00','0.00','','357137072765505',NULL,'anonymousUser','2017-01-16 17:25:16','anonymousUser','2017-01-16 17:25:16',1,0),(195,'695921858','Lipe Orianne ','awae escalier ','acacias ','0.00','0.00','860 Y1','358656063105768',NULL,'anonymousUser','2017-01-17 15:26:46','anonymousUser','2017-01-17 15:26:46',1,0),(196,'242627540','Hermann','Carrefour Emia','Nlongkak','0.00','0.00','Toyota','359405051985149',NULL,'anonymousUser','2017-01-18 12:14:57','anonymousUser','2017-01-18 12:14:57',12,0),(197,'699987718','chrissantous','ifc','cit verte','0.00','0.00','345','353205071982563',NULL,'anonymousUser','2017-01-19 21:01:32','anonymousUser','2017-01-19 21:01:32',1,0),(198,'699987718','chrissantous','ifc','cit verte','0.00','0.00','345','353205071982563',NULL,'anonymousUser','2017-01-19 21:01:35','anonymousUser','2017-01-19 21:01:35',1,0),(199,'674057689','Tresor djampouh','Etoa-meki','Ngousso','0.00','0.00','100','358744074443822',NULL,'anonymousUser','2017-01-20 11:01:54','anonymousUser','2017-01-20 11:01:54',1,0),(200,'13793289943','','','d,+1d gtuxe','0.00','0.00','','5f61536d6fd0f70',NULL,'anonymousUser','2017-01-20 16:38:58','anonymousUser','2017-01-20 16:38:58',1,0),(201,'694898435','Edoa Toby','carrefour Mendong','carrefour MEEC','0.00','0.00','CE524IA','356631056026539',NULL,'anonymousUser','2017-01-21 20:56:10','anonymousUser','2017-01-21 20:56:10',1,0),(202,'694898435','Edoa Toby','Mendong','Oyomabang','0.00','0.00','CE524IA','356631056026539',NULL,'anonymousUser','2017-01-21 20:58:22','anonymousUser','2017-01-21 20:58:22',1,0),(203,'694898435','Edoa Toby','Mendong','Oyomabang','0.00','0.00','CE524IA','356631056026539',NULL,'anonymousUser','2017-01-21 20:58:25','anonymousUser','2017-01-21 20:58:25',1,0),(204,'694898435','Edoa Toby','Mendong','Oyomabang','0.00','0.00','CE524IA','356631056026539',NULL,'anonymousUser','2017-01-21 20:58:25','anonymousUser','2017-01-21 20:58:25',1,0),(205,'694898435','Edoa Toby','Mendong','Oyomabang','0.00','0.00','CE524IA','356631056026539',NULL,'anonymousUser','2017-01-21 20:58:25','anonymousUser','2017-01-21 20:58:25',1,0),(206,'694898435','Edoa Toby','Mendong','Oyomabang','0.00','0.00','CE524IA','356631056026539',NULL,'anonymousUser','2017-01-21 20:58:25','anonymousUser','2017-01-21 20:58:25',1,0),(207,'694898435','Edoa Toby','Mendong','Oyomabang','0.00','0.00','CE524IA','356631056026539',NULL,'anonymousUser','2017-01-21 20:58:25','anonymousUser','2017-01-21 20:58:25',1,0),(208,'694898435','Edoa Toby','Mendong','Oyomabang','0.00','0.00','CE524IA','356631056026539',NULL,'anonymousUser','2017-01-21 20:58:25','anonymousUser','2017-01-21 20:58:25',1,0),(209,'694898435','Edoa Toby','Mendong','Oyomabang','0.00','0.00','CE524IA','356631056026539',NULL,'anonymousUser','2017-01-21 20:58:25','anonymousUser','2017-01-21 20:58:25',1,0),(210,'694898435','Edoa Toby','carrefour Mendong','carrefour MEEC','0.00','0.00','CE524IA','356631056026539',NULL,'anonymousUser','2017-01-21 20:58:59','anonymousUser','2017-01-21 20:58:59',1,0),(211,'694898435','Edoa Toby','carrefour Mendong','carrefour MEEC','0.00','0.00','CE524IA','356631056026539',NULL,'anonymousUser','2017-01-21 20:59:00','anonymousUser','2017-01-21 20:59:00',1,0),(212,'75985697','MBAPPE','nvan','Texaco obili','0.00','0.00','','354818072830000',NULL,'anonymousUser','2017-01-23 20:09:10','anonymousUser','2017-01-23 20:09:10',1,0),(213,'75985697','MBAPPE','nvan','Texaco obili','0.00','0.00','','354818072830000',NULL,'anonymousUser','2017-01-23 20:09:10','anonymousUser','2017-01-23 20:09:10',1,0),(214,'75985697','MBAPPE','nvan','Texaco obili','0.00','0.00','','354818072830000',NULL,'anonymousUser','2017-01-23 20:09:10','anonymousUser','2017-01-23 20:09:10',1,0),(215,'75985697','MBAPPE','nvan','Texaco obili','0.00','0.00','1','354818072830000',NULL,'anonymousUser','2017-01-23 20:11:24','anonymousUser','2017-01-23 20:11:24',1,0),(216,'75985697','MBAPPE','nvan','Texaco obili','0.00','0.00','1','354818072830000',NULL,'anonymousUser','2017-01-23 20:11:24','anonymousUser','2017-01-23 20:11:24',1,0),(217,'75985697','MBAPPE','nvan','Texaco obili','0.00','0.00','1','354818072830000',NULL,'anonymousUser','2017-01-23 20:11:24','anonymousUser','2017-01-23 20:11:24',1,0),(218,'75985697','MBAPPE','nvan','Texaco obili','0.00','0.00','1','354818072830000',NULL,'anonymousUser','2017-01-23 20:11:24','anonymousUser','2017-01-23 20:11:24',1,0),(219,'75985697','MBAPPE','nvan','Texaco obili','0.00','0.00','1','354818072830000',NULL,'anonymousUser','2017-01-23 20:11:24','anonymousUser','2017-01-23 20:11:24',1,0),(220,'97227225','','rond point nlongkak','mvan','0.00','0.00','3140','352167057570583',NULL,'anonymousUser','2017-01-23 22:13:15','anonymousUser','2017-01-23 22:13:15',1,0),(221,'97227225','amougou','rond point nlongkak','carrefour mvan','0.00','0.00','toyota corola','352167057570583',NULL,'anonymousUser','2017-01-23 22:14:46','anonymousUser','2017-01-23 22:14:46',1,0),(222,'97227225','amougou','rond point nlongkak','carrefour mvan','0.00','0.00','toyota corola','352167057570583',NULL,'anonymousUser','2017-01-23 22:15:24','anonymousUser','2017-01-23 22:15:24',1,0),(223,'97227225','amougou','rond point nlongkak','carrefour mvan','0.00','0.00','toyota corola','352167057570583',NULL,'anonymousUser','2017-01-23 22:16:33','anonymousUser','2017-01-23 22:16:33',1,0),(224,'99818443','1143','mokolo','mvan','0.00','0.00','0034','353484070039960',NULL,'anonymousUser','2017-01-24 13:25:10','anonymousUser','2017-01-24 13:25:10',1,0),(225,'99818443','1143','mokolo','mvan','0.00','0.00','0034','353484070039960',NULL,'anonymousUser','2017-01-24 13:25:10','anonymousUser','2017-01-24 13:25:10',1,0),(226,'99818443','kodji etienne','mokolo','tsinga','0.00','0.00','0069','353484070039960',NULL,'anonymousUser','2017-01-24 13:26:34','anonymousUser','2017-01-24 13:26:34',1,0),(227,'99818443','kodji etienne','mokolo','tsinga','0.00','0.00','0069','353484070039960',NULL,'anonymousUser','2017-01-24 13:26:34','anonymousUser','2017-01-24 13:26:34',1,0),(228,'695402408','Ndoua Eloundou Jean Claude','Fouda','Nkol Bisson','0.00','0.00','','355026050193651',NULL,'anonymousUser','2017-01-27 11:31:54','anonymousUser','2017-01-27 11:31:54',1,0),(229,'695402408','Ndoua Eloundou Jean Claude','Fouda','Nkol Bisson','0.00','0.00','','355026050193651',NULL,'anonymousUser','2017-01-27 11:31:55','anonymousUser','2017-01-27 11:31:55',1,0),(230,'695402408','Ndoua Eloundou Jean Claude','Fouda','Nkol Bisson','0.00','0.00','','355026050193651',NULL,'anonymousUser','2017-01-27 11:31:56','anonymousUser','2017-01-27 11:31:56',1,0),(231,'679957144','KUINZE','ekounou','Messassi','0.00','0.00','???','356092022851049',NULL,'anonymousUser','2017-01-27 16:14:06','anonymousUser','2017-01-27 16:14:06',1,0),(232,'679957144','KUINZE','ekounou','Messassi','0.00','0.00','???','356092022851049',NULL,'anonymousUser','2017-01-27 16:14:06','anonymousUser','2017-01-27 16:14:06',1,0),(233,'679957144','KUINZE','ekounou','Messassi','0.00','0.00','???','356092022851049',NULL,'anonymousUser','2017-01-27 16:14:06','anonymousUser','2017-01-27 16:14:06',1,0),(234,'679957144','KUINZE','ekounou','Messassi','0.00','0.00','???','356092022851049',NULL,'anonymousUser','2017-01-27 16:14:06','anonymousUser','2017-01-27 16:14:06',1,0),(235,'679957144','KUINZE','ekounou','Messassi','0.00','0.00','???','356092022851049',NULL,'anonymousUser','2017-01-27 16:14:06','anonymousUser','2017-01-27 16:14:06',1,0),(236,'670537574','ngaleu','chapelle miboman','carrefour obili','0.00','0.00','','357201062703858',NULL,'anonymousUser','2017-01-27 17:29:52','anonymousUser','2017-01-27 17:29:52',1,0);

/*Table structure for table `t_passager_coordonnees` */

DROP TABLE IF EXISTS `t_passager_coordonnees`;

CREATE TABLE `t_passager_coordonnees` (
  `id` bigint(20) NOT NULL AUTO_INCREMENT,
  `latitude` decimal(10,2) NOT NULL,
  `longitude` decimal(10,2) NOT NULL,
  `created_by` varchar(50) NOT NULL,
  `created_date` timestamp NOT NULL ON UPDATE CURRENT_TIMESTAMP,
  `last_modified_by` varchar(50) NOT NULL,
  `last_modified_date` timestamp NOT NULL,
  `passager_id` bigint(20) NOT NULL,
  `version` int(11) NOT NULL,
  PRIMARY KEY (`id`),
  KEY `fk_passager_coordonnee_passager_id` (`passager_id`),
  CONSTRAINT `fk_passager_coordonnee_passager_id` FOREIGN KEY (`passager_id`) REFERENCES `t_passager` (`id`)
) ENGINE=InnoDB AUTO_INCREMENT=2 DEFAULT CHARSET=utf8;

/*Data for the table `t_passager_coordonnees` */

insert  into `t_passager_coordonnees`(`id`,`latitude`,`longitude`,`created_by`,`created_date`,`last_modified_by`,`last_modified_date`,`passager_id`,`version`) values (1,'1456.37','257852.37','anonymousUser','2015-11-29 23:59:15','anonymousUser','2015-11-29 23:59:15',1,0);

/*Table structure for table `t_photo` */

DROP TABLE IF EXISTS `t_photo`;

CREATE TABLE `t_photo` (
  `id` bigint(20) NOT NULL AUTO_INCREMENT,
  `description` longtext,
  `valeur` longblob NOT NULL,
  `valeur_content_type` varchar(255) DEFAULT NULL,
  `taxi_driver_code` varchar(255) DEFAULT NULL,
  `created_by` varchar(50) NOT NULL,
  `created_date` timestamp NOT NULL ON UPDATE CURRENT_TIMESTAMP,
  `last_modified_by` varchar(50) NOT NULL,
  `last_modified_date` timestamp NOT NULL,
  `taxi_driver_id` bigint(20) DEFAULT NULL,
  `version` int(11) NOT NULL,
  PRIMARY KEY (`id`),
  KEY `fk_photo_taxi_driver_id` (`taxi_driver_id`),
  CONSTRAINT `fk_photo_taxi_driver_id` FOREIGN KEY (`taxi_driver_id`) REFERENCES `t_taxi_driver` (`id`)
) ENGINE=InnoDB AUTO_INCREMENT=2 DEFAULT CHARSET=utf8;

/*Data for the table `t_photo` */

insert  into `t_photo`(`id`,`description`,`valeur`,`valeur_content_type`,`taxi_driver_code`,`created_by`,`created_date`,`last_modified_by`,`last_modified_date`,`taxi_driver_id`,`version`) values (1,'Image Incconue','PNG\r\n\Z\n\0\0\0\rIHDR\0\0\0@\0\0\0@\0\0\0iq\0\0\0	pHYs\0\0\0\0\0\0\0\nOiCCPPhotoshop ICC profile\0\0xSgTS=BKKoR RB&*!	J!QEEQ,\n!{k>H3Q5B.@\n$p\0d!s#\0~<<+\"\0x\0M0B\\t8K\0@zB\0@F&S\0\0`cb\0P-\0`\'\0{\0[!\0 eD\0h;\0VE\0X0\0fK9\0-\00IWfH\0\0\0\00Q)\0{\0`##x\0\0FW<+*\0\0x<$9E[-qWW.(I+6aa@.y24\0\0x6_-\"bbp@\0\0t~,/\Z;m%h^uf@\0Wp~<<EJB[aW}g_Wl~<$2]GL	bG\"IbX*QqD2\"B)%d,>5\0j>{-]cK\'Xt\0\0o(hw?G%\0fIq\0\0^D$.T?\0\0D*A,`6B$BB\ndr`)B(*`/@4Qhp.U=pa(	Aa!bX#!H$ Q\"K5H1RT UH=r9\\F;\02G1Q=C7\ZFdt1r\Z=6h>C03l0.B8,	c\"\ZVcwE	6wB aAHXLXNH $4	7	Q\'\"K&b21XH,#/{C7$C2\'ITFnR#,4H\Z#dk9, +3![\nb@qS(RjJ4e2AURT5ZBRQ4u9IK\ZhhitNWGw\rg(gwLT071oUX**|\nJ&*/TUUT^S}FU3S	UPSSg;goT?~YYLOCQ_ cx,!k\ru5&|v*=9C3J3WRf?qtN	(~))4L1e\\kXHQG6EYAJ\'\\\'GgSS\nM=:.kDwn^Loy}/TmGX$<5qo</QC]@Caa<FFi\\$mm&&!&KMMRM);L;L5=12`ZxZ,eIZYnZ9YXUZ]F%NNgm}agbg}}=\rZ~sr:V:?}/gX3)iSGggsK.>.Jtq]z6i4)Y3sCQ?0k~OCOg#/c/Wwa>>r><72Y_7Oo_C#dz\0%gA[z|!?:eAAA!h!iP~aa~\'W?pX\Z15wCsDDDg1O9-J5*>.j<74?.fYXXIlK9.*6nl{/]py.,:@LN8A*%w%\nyg\"/6C\\*NH*Mz5y$3,\'L\rL:v m2=:1qB!Mggfven/kY-\nBTZ(*geWf9+7KW-Xj9<qy\n+V<*mOW~&zMk^kU\n}]OX/Ya>(xodff-[n\r\rVE/(C<e;?TTTT6an{4[>UUMfeI?m]Nmq#=TR+Gw-\r6\rU#pDy	\r:v{vg/jBFS[b[O>zG4<YyJTig}~.`{cjotE;;\\tWW:_mt<O\\kz{f7y9=zo~r\'w\'O_@AC?[jwGC\r8>99?rCd&/~m|x31^VwwO| (hSc3-\0\0\0 cHRM\0\0z%\0\0\0\0\0\0\0\0u0\0\0`\0\0:\0\0o_F\0\0IDATx]lYsIg6i\"RJiiM>R>RyViCZVDiwC+JD\n8{/M$mKLs`K>>wgf9^e#xm6WZ(?/>}P(Ml|eC822aji)HJc]]]$J	PJA)!(099|6\n} K qz?UUi\Z,%Iz:Q3QFW[ZZ{{{L`\Z,CuW~Nj\0g\\^`Wk\'N8pGG1Mg[o0`\"H$bWkZs@kt:MTUtww\'1]1>>^r]7622l6Wc\0\ndX,\"Lh .{j*\'@oE\"1)?1477K~;ABx@\0>\n)\"9t9/Ofu]p#[|cI*P\0!R_aCN!ZNC3bC\0\Z\Z\Zf0\r\rFr 5T})\0]X9PJ7u(s\rq@\0?J]mY7}mh(\0iD\"f}\n4v-,w3J_i(\0y=0iz\0_~k8\0JZM,RJZC[=ogYa3~3:::\0\0`lllL80MsRzR\rRJcfU*XZZZqFI/\0URKQ _jjjT\0UUD\"VGdEl*)I,<ks\n#GZEG)x^u<~\\u\0000 g!LOOX>N	pgu]Kn)\0\0FOxp8(\"jYJ@&$`1Jsn}\0x<\rN:Dx<.&IAu,,,  (cZZZ`Yr rQ?SJ_\\\\;n\0;[V\"H< }|p`[x+EQF:4I,r9fm%]%/_^KuR)sN9GP@TBX8\Z@wp>b6fffX&MMMu+V\0w2~kY)L\ne0[\0*MeDQ477)6??b_r\\\0fvK0M>WTo\0i\Z8cx+_>{E\0I4\Z}}}JX\nXDkk+=zJwu=kDU4MRfgg9:Pc_mR)ifff\0:;;$O}$cA$x<X7o\n@{{{\\90*\nu]PJ\n@$I|nn\\8_bJ&yEBf+l8(mpRP(||@z8\r9DQ907$2A=O$IUC\0O\n>U8$	PHYZZ\ncLYiJ$BHC*s>*\"($I*\nox_*aMrsLy\n(o$Io(\"?AyP8{@tmUqB{xZ[[!<VoE\0{\'?jV?\0RJy{{`/]&l96m\0\0^m\0\0ES\0\0\0\0IENDB`',NULL,NULL,'anonymousUser','2015-07-29 16:09:49','anonymousUser','2015-07-29 16:09:49',NULL,0);

/*Table structure for table `t_photo_profile` */

DROP TABLE IF EXISTS `t_photo_profile`;

CREATE TABLE `t_photo_profile` (
  `id` bigint(20) NOT NULL AUTO_INCREMENT,
  `description` longtext,
  `valeur` longblob NOT NULL,
  `valeur_content_type` varchar(255) DEFAULT NULL,
  `user_login` varchar(255) DEFAULT NULL,
  `created_by` varchar(50) NOT NULL,
  `created_date` timestamp NOT NULL ON UPDATE CURRENT_TIMESTAMP,
  `last_modified_by` varchar(50) NOT NULL,
  `last_modified_date` timestamp NOT NULL,
  `user_id` bigint(20) DEFAULT NULL,
  `version` int(11) NOT NULL,
  PRIMARY KEY (`id`),
  KEY `fk_t_photo_profile_jhi_user_id` (`user_id`),
  CONSTRAINT `fk_t_photo_profile_jhi_user_id` FOREIGN KEY (`user_id`) REFERENCES `jhi_user` (`id`)
) ENGINE=InnoDB DEFAULT CHARSET=utf8;

/*Data for the table `t_photo_profile` */

/*Table structure for table `t_score` */

DROP TABLE IF EXISTS `t_score`;

CREATE TABLE `t_score` (
  `id` bigint(20) NOT NULL AUTO_INCREMENT,
  `created_by` varchar(50) NOT NULL,
  `created_date` timestamp NOT NULL DEFAULT CURRENT_TIMESTAMP,
  `last_modified_by` varchar(50) DEFAULT NULL,
  `last_modified_date` timestamp NULL DEFAULT NULL,
  `name` varchar(60) NOT NULL,
  `email` varchar(30) DEFAULT NULL,
  `telephone` varchar(30) NOT NULL,
  `score` tinyint(4) NOT NULL,
  `taxi_driver_id` bigint(20) NOT NULL,
  PRIMARY KEY (`id`),
  UNIQUE KEY `t_score_telephone_taxi_driver_id_uk` (`telephone`,`taxi_driver_id`),
  KEY `fk_score_taxi_driver_id` (`taxi_driver_id`),
  CONSTRAINT `fk_score_taxi_driver_id` FOREIGN KEY (`taxi_driver_id`) REFERENCES `t_taxi_driver` (`id`)
) ENGINE=InnoDB DEFAULT CHARSET=utf8;

/*Data for the table `t_score` */

/*Table structure for table `t_taxi_driver` */

DROP TABLE IF EXISTS `t_taxi_driver`;

CREATE TABLE `t_taxi_driver` (
  `id` bigint(20) NOT NULL AUTO_INCREMENT,
  `birth_date` date NOT NULL,
  `capacity_number` varchar(255) NOT NULL,
  `code` varchar(255) NOT NULL,
  `driving_license_number` varchar(255) NOT NULL,
  `email_address` varchar(255) DEFAULT NULL,
  `first_name` varchar(60) DEFAULT NULL,
  `last_name` varchar(255) NOT NULL,
  `nicn` varchar(255) NOT NULL,
  `place_of_birth` varchar(255) NOT NULL,
  `telephone_number` varchar(255) NOT NULL,
  `created_by` varchar(50) NOT NULL,
  `created_date` timestamp NOT NULL ON UPDATE CURRENT_TIMESTAMP,
  `last_modified_by` varchar(50) NOT NULL,
  `last_modified_date` timestamp NOT NULL,
  `version` int(11) NOT NULL,
  `nationalite` varchar(255) DEFAULT NULL,
  `departement_origine` varchar(255) DEFAULT NULL,
  `situation_matrimoniale` varchar(255) DEFAULT NULL,
  `domicile` varchar(255) DEFAULT NULL,
  `tel_urgent` varchar(255) DEFAULT NULL,
  `num_recepisse` varchar(255) DEFAULT NULL,
  `city_id` bigint(20) NOT NULL,
  `organisation_id` bigint(20) DEFAULT NULL,
  `SITUATION` varchar(30) DEFAULT NULL,
  PRIMARY KEY (`id`),
  KEY `fk_taxi_driver_city_id` (`city_id`),
  KEY `fk_taxi_driver_organisation_id` (`organisation_id`),
  CONSTRAINT `fk_taxi_driver_city_id` FOREIGN KEY (`city_id`) REFERENCES `t_city` (`id`),
  CONSTRAINT `fk_taxi_driver_organisation_id` FOREIGN KEY (`organisation_id`) REFERENCES `t_organisation` (`id`)
) ENGINE=InnoDB AUTO_INCREMENT=26 DEFAULT CHARSET=utf8;

/*Data for the table `t_taxi_driver` */

insert  into `t_taxi_driver`(`id`,`birth_date`,`capacity_number`,`code`,`driving_license_number`,`email_address`,`first_name`,`last_name`,`nicn`,`place_of_birth`,`telephone_number`,`created_by`,`created_date`,`last_modified_by`,`last_modified_date`,`version`,`nationalite`,`departement_origine`,`situation_matrimoniale`,`domicile`,`tel_urgent`,`num_recepisse`,`city_id`,`organisation_id`,`SITUATION`) values (1,'1980-01-21','58741544566','00115001','CE-654125-44',NULL,'TOTO','TOTO','222545000','Yaounde','22222222','anonymousUser','2015-07-22 04:13:51','anonymousUser','2015-07-22 04:13:51',0,NULL,NULL,NULL,NULL,NULL,NULL,1,1,NULL),(2,'1980-12-21','78741544566','00115002','CE-554125-44',NULL,'TITI','TITI','122545000','Douala','698745124','anonymousUser','2015-07-22 04:18:20','anonymousUser','2015-07-22 04:18:20',0,NULL,NULL,NULL,NULL,NULL,NULL,1,NULL,NULL),(3,'1985-05-06','45781254','00115003','CE-451254-78','nsimonin1@gmail.com','NGOS','Simon Pascal','125445210','Yaound','695827414','anonymousUser','2015-07-22 15:05:39','anonymousUser','2015-07-22 15:05:39',0,NULL,NULL,NULL,NULL,NULL,NULL,1,NULL,NULL),(4,'1986-12-04','568974124','00115004','CE-654879-12','nsimonin1@yahoo.fr','Wilclief','Garnier','968574120','Douala','687451245','anonymousUser','2015-07-23 14:36:23','anonymousUser','2015-07-23 14:36:23',0,NULL,NULL,NULL,NULL,NULL,NULL,1,NULL,NULL),(5,'1975-05-16','256545587','00115005','CE-451254-55','','Kamga','Leonard','125968574','Bafoussam','6587452145','anonymousUser','2015-09-12 09:42:02','anonymousUser','2015-09-12 09:42:02',0,NULL,NULL,NULL,NULL,NULL,NULL,1,1,NULL),(6,'1986-07-09','YDE1235986CE','00115006','CE-123598-23','aouna@gmail.com','Aouna','Amadou','123466789','Garoua','696802218','anonymousUser','2015-12-04 17:24:32','anonymousUser','2015-12-04 17:24:32',0,NULL,NULL,NULL,NULL,NULL,NULL,1,1,NULL),(7,'1986-07-09','YDE98547CE','00115007','CE-245547-85','paulin@gmail.com','FOUDA','Paulin','125469365','Yaounde','671928807','anonymousUser','2015-12-04 17:38:21','anonymousUser','2015-12-04 17:38:21',0,NULL,NULL,NULL,NULL,NULL,NULL,1,1,NULL),(8,'1975-01-01','YDE206566-11','2319','DI-110018-11','mmaunga@yahoo.fr','MAUNGA','Maurice','110913462','Bafang','675424672','anonymousUser','2016-04-06 09:33:37','anonymousUser','2016-04-06 09:33:37',0,NULL,NULL,NULL,NULL,NULL,NULL,1,1,NULL),(9,'1975-01-01','YDE208605-15','2342','CE-115348-15','cmboging@yahoo.com','MBOGNING','Colantin','114397492','Dschang','675264815','anonymousUser','2016-04-06 09:37:22','anonymousUser','2016-04-06 09:37:22',0,NULL,NULL,NULL,NULL,NULL,NULL,1,1,NULL),(10,'1975-01-01','YDE204008-10','5628','CE-291998-15','pdegha@yahoo.fr','DEGHA','Pierre','111526789','Mbouda','676755374','anonymousUser','2016-04-06 09:38:43','anonymousUser','2016-04-06 09:38:43',0,NULL,NULL,NULL,NULL,NULL,NULL,1,1,NULL),(11,'1975-01-01','YDE-204284-10','5614','CE-246269-14','rpekouankouang@gmail.com','PEKOUANKOUANG','Romain','117795994','Mbouda','672558032','anonymousUser','2016-04-06 09:42:40','anonymousUser','2016-04-06 09:42:40',0,NULL,NULL,NULL,NULL,NULL,NULL,1,1,NULL),(12,'1985-01-01','YDE-166220-11','5550','CE-166220-11','emenye@gmail.com','MENYE ATEBA','Emmanuel','115349583','Yauound','676300735','anonymousUser','2016-04-06 09:44:08','anonymousUser','2016-04-06 09:44:08',0,NULL,NULL,NULL,NULL,NULL,NULL,1,1,NULL),(13,'1986-09-07','YDE-206641-11','5619','CE-212167-13','test@yahoo.fr','PIEDJO','RICHEPIN','109915643','NDE','677104095','anonymousUser','2017-01-26 13:07:09','anonymousUser','2016-04-06 09:46:41',0,NULL,NULL,NULL,NULL,NULL,NULL,2,3,NULL),(14,'1975-01-01','YDE-211997-13','5578','CE-249002-14','bnde@yahoo.fr','NDE','Bonaventure','114791104','Bafoussam','696334699','anonymousUser','2017-01-26 13:07:15','anonymousUser','2016-04-06 09:48:59',0,NULL,NULL,NULL,NULL,NULL,NULL,2,3,NULL),(15,'1980-01-01','YDE-211709-13','1734','LT-122252-09','yngah@yahoo.fr','NGAH NKOLLO','Yve Marie Michel','108758994','Monatl','662106521','anonymousUser','2017-01-26 13:07:17','anonymousUser','2016-04-06 09:50:56',0,NULL,NULL,NULL,NULL,NULL,NULL,2,3,NULL),(16,'1985-01-01','YDE-214781-13','1738','OU-104464-09','rsikati@yahoo.fr','SIKATI NOUEGUEM','Romain','108453746','Bandjoun','676165719','anonymousUser','2017-01-26 13:07:18','anonymousUser','2016-04-06 09:52:21',0,NULL,NULL,NULL,NULL,NULL,NULL,2,3,NULL),(17,'1979-01-01','YDE-208670-12','5591','CE-113866-09','eyoudom@yahoo.fr','YOUDOM SILEDJE','Evariste','109726594','Baham','675548070','anonymousUser','2017-01-26 13:07:22','anonymousUser','2016-04-06 09:54:28',0,NULL,NULL,NULL,NULL,NULL,NULL,2,3,NULL),(18,'1975-01-01','YDE-20619511','5597','DT-113760-11','lata@yahoo.fr','ATA AYISSI','Lazare','112124879','Monatl','678612758','anonymousUser','2016-04-06 09:56:05','anonymousUser','2016-04-06 09:56:05',0,NULL,NULL,NULL,NULL,NULL,NULL,1,1,NULL),(19,'1986-01-01','YDE-217348-16','5543','CE-162624-11','bkameni@gmail.com','KAMENI KAMENI','Brice Armel','114455293','Bafang','677181796','anonymousUser','2016-04-06 09:57:41','anonymousUser','2016-04-06 09:57:41',0,NULL,NULL,NULL,NULL,NULL,NULL,1,1,NULL),(20,'1985-01-01','YDE-206081-11','2353','CE-291855-15','ombaksue@yahoo.fr','MBAKSUE DJIONOU','Olivier','115869830','Bangangt','675089793','anonymousUser','2016-04-06 09:59:15','anonymousUser','2016-04-06 09:59:15',0,NULL,NULL,NULL,NULL,NULL,NULL,1,1,NULL),(21,'1980-01-01','YDE-214427-13','2381','CE-246185-13','jtchato@yahoo.fr','TCHATO','Jean Pierre','108695611','Bangangt','678770253','anonymousUser','2016-04-06 10:01:02','anonymousUser','2016-04-06 10:01:02',0,NULL,NULL,NULL,NULL,NULL,NULL,1,1,NULL),(22,'1980-01-01','YDE-21266913','2374','CE-173434-12','bdjeuda@gmail.com','DJEUDA NJIKE','Brice Armel','112537408','Bangangt','675696145','anonymousUser','2016-04-06 10:02:15','anonymousUser','2016-04-06 10:02:15',0,NULL,NULL,NULL,NULL,NULL,NULL,1,1,NULL),(23,'1972-01-01','YDE-213060-13','2345','CE-127860-99','ianuake@yahoo.com','ANUAKE','Isaac Afua Pezih','108723803','Bamenda','671178615','anonymousUser','2016-04-06 10:04:09','anonymousUser','2016-04-06 10:04:09',0,NULL,NULL,NULL,NULL,NULL,NULL,1,1,NULL),(24,'1980-01-01','YDE-214563-09','3414','CE-115200-09','lkamela@gmail.com','KAMELA','Laurent','107370081','Bandjoun','677695541','anonymousUser','2016-04-06 10:05:16','anonymousUser','2016-04-06 10:05:16',0,NULL,NULL,NULL,NULL,NULL,NULL,1,1,NULL),(25,'1982-01-01','YDE-202505-10','2350','CE-180501-12','apouapouognigni@yahoo.fr','POUAPOUOGNIGNI','Arouna','115438776','Foumban','677825183','anonymousUser','2016-04-06 10:06:44','anonymousUser','2016-04-06 10:06:44',0,NULL,NULL,NULL,NULL,NULL,NULL,1,1,NULL);

/*Table structure for table `t_vehicule` */

DROP TABLE IF EXISTS `t_vehicule`;

CREATE TABLE `t_vehicule` (
  `id` bigint(20) NOT NULL AUTO_INCREMENT,
  `immatriculation` varchar(35) NOT NULL,
  `proprietaire` varchar(255) NOT NULL,
  `num_portiere` varchar(255) NOT NULL,
  `cni_proprietaire` varchar(15) NOT NULL,
  `num_carte_grise` varchar(255) DEFAULT NULL,
  `created_by` varchar(50) NOT NULL,
  `created_date` timestamp NOT NULL ON UPDATE CURRENT_TIMESTAMP,
  `last_modified_by` varchar(50) NOT NULL,
  `last_modified_date` timestamp NOT NULL,
  PRIMARY KEY (`id`)
) ENGINE=InnoDB DEFAULT CHARSET=utf8;

/*Data for the table `t_vehicule` */

/*!40101 SET SQL_MODE=@OLD_SQL_MODE */;
/*!40014 SET FOREIGN_KEY_CHECKS=@OLD_FOREIGN_KEY_CHECKS */;
/*!40014 SET UNIQUE_CHECKS=@OLD_UNIQUE_CHECKS */;
/*!40111 SET SQL_NOTES=@OLD_SQL_NOTES */;
